cookie_id,score
ck_99a4e5ef02d89493,0.009687802452081246
ck_54d463f7fd89ec3d,0.005333387574512271
ck_0fbbc7a6af300368,0.0014814943786115205
ck_8fd4937eadd64fb6,0.00254057323550186
ck_dbb4bd4eda97255d,0.0066296408024759425
ck_6e67225ba59fa5ae,0.014485916231169536
ck_94b59bbc824b307a,0.0018523302414128837
ck_b87e88ee5512ea17,0.000994332278696379
ck_36789ca11459131e,0.0206986514423447
ck_4364a83a11743888,0.005660981608282081
ck_cf59f4fc0ea690b2,0.007944446614287047
ck_bfdd232a7c5f2660,0.018154688429147914
ck_84092e23d5ef4d51,0.021578871302474954
ck_c2925c50ebacbdba,0.0008795511899064094
ck_66c9a19963957531,0.03412060509491112
ck_d637a011332ba67a,0.0032494420827605345
ck_1bd753a4681946c8,0.9469042406563903
ck_c30c5844512e429f,0.040052019376933395
ck_396cea6f95186ad2,0.00848164505426702
ck_64a02b7b96149810,0.0008735867947795206
ck_b1ed2278f5f14d82,0.011339531667750518
ck_b153386f1729de81,0.004325072422249734
ck_601edf9105b3c321,0.989372531865748
ck_d3a8333cb389f4c6,0.005123053519845331
ck_3c17841636f6f7dc,0.007370256007548227
ck_333544d173524f70,0.03160224798233971
ck_87c1d0a79e79c84b,0.009099343500897483
ck_585ababa02383b50,0.00620539301158987
ck_3e0149cdee4cb294,0.022711006597469316
ck_b864f64101149c35,0.8336445423448611
ck_5b2728f7cca414ae,0.0007756756088627391
ck_cd7d24e3b095e96e,0.03342484236999676
ck_f3dc0725621b3a35,0.0011236046856346119
ck_9eb08369e983abfa,0.002298871320345742
ck_7836bf6def26aa87,0.005020157757014396
ck_fd4582e3853ef23f,0.006774174832243091
ck_2cdad03ed069438c,0.039413153490690855
ck_614d936cef98db04,0.0016383541282254228
ck_ecc18f40b33be769,0.05200835684139141
ck_a93560aa348d6225,0.06897197950760062
ck_90f3655f0c8a0074,0.0014022966246217139
ck_a045a19369016818,0.9859306935546512
ck_69ab9d4784eb77bd,0.006810644841045491
ck_61129937ee466b49,0.010561700385370246
ck_74112e47b8629c2a,0.08998175283452636
ck_d841eba8906e9a15,0.00133918335521825
ck_78aa4b731cbfe251,0.007227337611324641
ck_25394c1b83e0b803,0.024886947362822372
ck_16c501470d9bb006,0.0014661953952124617
ck_69ff1b0aa143a168,0.001016934811898164
ck_6d64190623dea714,0.006573768096115104
ck_5d7721930106dce8,0.021095285604654172
ck_466d4b5366c50b98,0.0017676767090882332
ck_641c8e7694b21f3b,0.005210805743156031
ck_66779098e78c1760,0.0009329819990902101
ck_ed8f1200fc049c40,0.9623402411709807
ck_55f2ef0de3420e3e,0.012434430704248593
ck_968a99e097ee78c9,0.09919393209787375
ck_a98848eec6c9581e,0.01016190884851472
ck_7eaad325abe3b50c,0.0018096594327536744
ck_834ca727df855f07,0.0582011938276673
ck_6b1ab0742ff04c3e,0.23208249959983374
ck_fcc2059a8d5c41fa,0.09432301892347732
ck_a96887f841e80fc1,0.006725479775218
ck_718865237134ebe8,0.002639311929701905
ck_5df85a8924e11f27,0.026878406421816957
ck_958c0bd61820147f,0.04170548306627397
ck_b4331140b2e0d4aa,0.0025994174578086817
ck_8153cdadd300d234,0.0010229062744103257
ck_d4c1da5a1427fd6a,0.09662113449683882
ck_ac32c6e374782b27,0.02631601173949847
ck_465cb8ce232c7670,0.0037584688138667874
ck_022a8ae79eb28cf6,0.9748417227737969
ck_7a7f3c4fe0c9d2ca,0.0039650986008557005
ck_4802a0a7a1882c88,0.3438996690493891
ck_8b5b5a6b5539e39b,0.9266328336590599
ck_9693b1eb70880205,0.018753632035329162
ck_59a164c40c03a45f,0.0018019628403151066
ck_154c8efb19dee665,0.012588377473201177
ck_149662b09d632e41,0.010410553117284043
ck_ddaf228487858bb8,0.21332024253108792
ck_76c23726cd7ca947,0.010630769474866065
ck_32eba3510c8eac5e,0.004383540599421091
ck_41dd44308e6a665a,0.051285216607424924
ck_efbdcd9c181e72ca,0.005321583589834863
ck_771247b5bc16c12a,0.004998552418804052
ck_692a9e8f504b9762,0.0011220284500681043
ck_ceb017baa26e98c8,0.09511476177451707
ck_908b663b2dda94ad,0.02536236413272363
ck_29da59ea3bffb9d8,0.10981635887189836
ck_2795921a055643f6,0.005050174059717074
ck_fec888a7108ca52d,0.9831947630354347
ck_37dab6a0a536ed49,0.07299151832111724
ck_2c1def5c91c52a5b,0.7041710348362756
ck_0cb9f54928f4feee,0.01552810629416718
ck_677e1d0c14cbf569,0.0019396184414991104
ck_192fdad892782daf,0.05676350552478297
ck_e5e2624b7fc89774,0.016112913113634487
ck_5138f6c575dec64c,0.007179588924219789
ck_5f4a25ffd0b85a47,0.01625405225051841
ck_aebb42afe430e2e9,0.002850840039871634
ck_44e9a18a8645c9d3,0.0017880284445812614
ck_79ba8e85678d0224,0.006099432650652736
ck_ef1a1de20d2124cb,0.031050693718568303
ck_e7d903c50d353361,0.3636590943597454
ck_bcbd8588a13f5eef,0.001188692996199651
ck_80e3041811033443,0.02374411792468847
ck_bdee1221b9addff8,0.003978372812431949
ck_dfc933493561d84f,0.011758795168114719
ck_e0f9506a6d5f4a1a,0.010162279654387566
ck_a911a066ff0f7b56,0.009289989371898793
ck_5c45968a805132e0,0.015395935701228377
ck_152820d8817f478c,0.006463600751143949
ck_13f03ec785cbdae1,0.0009721723989953455
ck_a662b4bf900781e4,0.0009989008814594977
ck_0c0dde42ab64ef87,0.015024520878434458
ck_cb3a40594da6a2ee,0.03584745421053943
ck_a69084a068bcc8aa,0.01597411814265313
ck_f3bce4eccfa6d6bb,0.0027416004862983842
ck_794d8935a895e33f,0.017061653317641638
ck_5f217bfe28954e75,0.9651687994165843
ck_9700a00ff9e66216,0.008310207367693254
ck_9a66cb13a9884cc2,0.01239793590150106
ck_522477be6376b450,0.00228589830125261
ck_4f6ed5ea5ab7c429,0.004857860333406849
ck_f5882e6f98b8b4cd,0.0009388929489064349
ck_ec01ae5351500355,0.0018176631613086567
ck_cc276f71ab6c08fd,0.01605985476802215
ck_b06ce826e593b210,0.05204453709471522
ck_1833c81d693c1e07,0.7200069686711872
ck_b4ad165ace910222,0.003250299005947431
ck_7ce44f4e06d58111,0.18379161336092736
ck_804c5a1fa5753617,0.0033865148475839633
ck_db2c0908150cb2cc,0.019352765096644912
ck_8530158e3d7f59e7,0.0014224098710406534
ck_efbc79246e32c66a,0.021651475059285052
ck_dfaafdaefa5716b6,0.03377179558630049
ck_75f968be67f46d24,0.00916836247623264
ck_3715bfa7fed2c675,0.004350240767843545
ck_b5935e9722a39819,0.015715981295919158
ck_e83409471d2b0b44,0.036437916634626165
ck_c729d19053387be9,0.015992447483792964
ck_38d4ed52cbe6d123,0.019144451511077944
ck_ea835557d7043667,0.006186136099174301
ck_95b48972061abe82,0.0036562022558483047
ck_2981d16f8a51a8ed,0.018732264003483035
ck_30bf5b0056eea9e9,0.7456003188522257
ck_a1c7adfe26e09a8c,0.020398332097404673
ck_1eeacc26f02fbba4,0.027667954333030934
ck_044fa3b3a003f0b5,0.004348589653984414
ck_6cabb1a133f0b151,0.007227717641164144
ck_b71279e807d0b3a7,0.014042315936821839
ck_ba68841ca2ba073d,0.02023590142141865
ck_e1790b3aa2241b10,0.9020533514875578
ck_0bf48607a874b4d1,0.0025534099870558966
ck_fa8a4a9e77799fcc,0.005282183729524166
ck_52c311f29ca3aca9,0.0009459087751121076
ck_42c6973d3a6fe983,0.0011648154873333439
ck_b524f7a2e752b9d0,0.01023374788533151
ck_14e58c3fb26a2b4d,0.010942214010321624
ck_ec9976cabc63ff92,0.0058437770258639625
ck_9f50920c894f64e1,0.004742844995413878
ck_0259da8f109017e9,0.003274957963338641
ck_9d8e9ef37797d3af,0.4177400348126352
ck_2d28f14d3973d8fb,0.0009192308557241471
ck_f5b1200dc6f95760,0.016633133594094993
ck_20d7571ba830009d,0.0020838967453893137
ck_54978a073e7a0b1a,0.007830199984605692
ck_6236a461dc0d11a3,0.0032578340811960163
ck_7d3a88d1aa649708,0.8045206797931072
ck_742f7c28ddd019e8,0.01585941734904026
ck_d979ef95ee44023d,0.01488002507524557
ck_c01c85bd631d4054,0.006393148126895719
ck_1e832a5b2342554f,0.009494969313216278
ck_9bf95f8c47e7c7b4,0.006738254185997595
ck_6b38763bf5ddbcef,0.029236771622293163
ck_bda4041a3e90d860,0.008829012197918684
ck_703499f5410280f7,0.0021979966486474177
ck_1eabc15a94bd9009,0.013637479311217194
ck_d5bd8f68da073cd8,0.0022534854981396354
ck_6e6258227fc8db7f,0.001188805643452794
ck_be9c46acd216b45d,0.013094486141547167
ck_e2f88e202b6f700a,0.013513096881529888
ck_353a272478f7e903,0.0024898982671676608
ck_a2c9796ea229a4e2,0.0021209379005774067
ck_acee218cbe61df69,0.014689292397207555
ck_9704c5cf8659cedc,0.016812009270106103
ck_4b0947bf94e9d847,0.01775171606730997
ck_bb113e3e6716ed65,0.018137490461002676
ck_60b4d59953505682,0.9265431168073721
ck_7dca4d7ee10b4eeb,0.0016737938275470205
ck_4863077723cd6ce1,0.0019279339113382997
ck_469a0578d05990c2,0.0015867201501842182
ck_5db1cb368bc41ac3,0.004890590578747904
ck_b72c7ac4208052ab,0.03476159545614083
ck_abac514d8167ea58,0.015369589664132134
ck_6de2aa2bb60978d3,0.027641249727597638
ck_186dbff4b24a3bbf,0.1003792991575891
ck_7f15503048915d6f,0.002721111331748167
ck_c35e03b0dd0c3454,0.010412391585127155
ck_2cf8a44e041217de,0.01322598839770674
ck_91955aab3424ad16,0.0031868845284623746
ck_a032e8ac1507c6df,0.9322616881786531
ck_342a79f91de5d1fa,0.022597982869372694
ck_3ecd8a5ce65e21ca,0.01091284994081331
ck_45424ea6f0bc4650,0.060971467392255174
ck_41346ccd9242cc8f,0.001895257941787593
ck_35d6c510ad29362e,0.6506627797248112
ck_9de191bf79afd676,0.009598296666066184
ck_6de6b1663f9457f4,0.0018618430517907429
ck_61814ae9b6d8eab1,0.002313167596428177
ck_60187ac2c473a662,0.988362119875549
ck_c0b50c11e4f5adf7,0.0253147606777395
ck_062754f8b79b86e5,0.0011038189943043555
ck_0027b5d4107d65d8,0.03485281323958715
ck_d61c837b0106085a,0.07389935059703884
ck_a99e0c258ad7576b,0.008698158348378317
ck_e76257caa98dc25d,0.9503520919470833
ck_9a65fcfc7916f93f,0.0017178626596804228
ck_c972b0e781efed3b,0.0011310768400813278
ck_3a632cdf2c19051b,0.004504229621466276
ck_9724718fe64c6557,0.9769123360161531
ck_d44dc3839a195c8a,0.07768703131441093
ck_2fc70b6baf6a0e26,0.003990935924103677
ck_b4911c42f3bff740,0.0014884466621415235
ck_53428573abcd606f,0.023683868625055476
ck_c8198cb4c461304f,0.02830116957509735
ck_852c50bbba1ead13,0.02437941562134229
ck_d5ef6dc116dee408,0.005852923715324321
ck_3ac528caac74f563,0.008042758097804883
ck_1b0b7c3d35ab1259,0.024654436429848846
ck_f1a9d832b700bda1,0.9793301885254115
ck_343e6ed2b9d35c01,0.01898333427377388
ck_803c0b4cf9d4bc1d,0.013379575302493342
ck_c457e9c9224b773d,0.04084416094961908
ck_d305b4d82f63f647,0.0017252057463324956
ck_22bd0fc71f95e048,0.02479076886787632
ck_aab23b5470469649,0.0035495389160634452
ck_fe0a9372c9372de9,0.0026207921689540142
ck_f6c909c205767956,0.026222571856336353
ck_295bca29c34cfe2e,0.03007455630306499
ck_74e60495f8861156,0.00906308680394895
ck_bd20be9a3392d79b,0.004277915469747797
ck_952da7ca9f33decb,0.007951574514431703
ck_900d62b3184378c7,0.0011803277500891038
ck_eafe9b89857149b5,0.011207945522489117
ck_509cece86a558de4,0.003425919132398588
ck_c423aa6de3ed1e01,0.003952263263564919
ck_b5a84c5547378c10,0.0015178271561289416
ck_9528e1d6b1707870,0.0284385759867996
ck_668c7fc7d7e47c0e,0.023518578646332576
ck_5d72ff6cc2963d1a,0.002393325510555682
ck_6c084bfcb38e96c3,0.02641376372680499
ck_66439e697695224c,0.0041791467756273045
ck_e975002c979e12c7,0.04933910043128801
ck_8e039b23acaaac00,0.040775777805525895
ck_9ccb17c35e636c5e,0.005284477034073447
ck_abd3aa292f8edb4d,0.030000455438249085
ck_3ec9b9d8dd7be11c,0.011766309125920117
ck_d6f5c8741697abb3,0.024688900435445377
ck_5d75ea4f5c9080bc,0.6756360912286694
ck_a4db6e94a8f77f9d,0.028291394909769875
ck_01c1f06692566ca1,0.003888842556374528
ck_dac7c50bd6d0148f,0.001195124108972927
ck_857a1f5547b9ad68,0.014016893353950956
ck_aefd1ce3ce093cbd,0.0016042827176603134
ck_7b59d22cadef3b05,0.17021916514352348
ck_6bc0e5b8c0b7d2bd,0.0036087988287098437
ck_2c44ca550e5cfa82,0.01621807336798265
ck_e4ac22046699b99f,0.007159411770074375
ck_ee7a515e87d17d4e,0.009736725804398553
ck_5e512ef5362a3dd6,0.003347560592212132
ck_df1f2dba802296be,0.9520272821861206
ck_49bdba9ee1899dfe,0.004931917426574792
ck_52730906e5b461eb,0.937286220737583
ck_dab34cf6f0626c9b,0.010852473502164109
ck_f9d8b4813a88c1e6,0.0067838071156533465
ck_c0c4be3f44311b04,0.0077632897777129665
ck_ae3b47d6e1063704,0.004111861121643101
ck_533672fb40531607,0.06984596249245781
ck_2a244f1ae08ef83c,0.020338642984125816
ck_fe429ba3e1aa0e4f,0.004048223012820167
ck_18444be153bac1ca,0.8184497577519729
ck_2ef76f1f36e8b869,0.0873570357633519
ck_99ee90946395d74d,0.889143416082557
ck_bf2228a052815840,0.0039423792459165816
ck_1bb212d1288b9689,0.03211523931750196
ck_9949f53c155b8dde,0.02051623890929654
ck_04a1a46f07885296,0.016894430659848105
ck_70c7679199776a90,0.005023579062838158
ck_231e6dd1fe708000,0.005100140881384487
ck_e013d88ea7939616,0.013595951247881998
ck_d229cf7f5a3f38ca,0.008340195426158863
ck_0ad6fa0e23c3bd0a,0.056412865351791436
ck_3a3daa8b376f2a18,0.0019293651861521887
ck_f0d6633d0834fff5,0.022180140308802138
ck_5472214011fbc2a7,0.009975924331268798
ck_e0239e6ae30795a7,0.008612831443390381
ck_646bb3c7be5f0817,0.010025966022002022
ck_a9e7f3b2d5dfd97b,0.004556753503047097
ck_d5ef1f6e34bb35b8,0.04109728537312898
ck_615277c8a4e2b18b,0.008285060273391742
ck_11318f7c041a5ba9,0.007038137413994441
ck_6d69e092f9b0848b,0.009034327069103213
ck_fbdac0221bc03f66,0.02707067447925024
ck_3854c08d17704347,0.10882582261433388
ck_a9989a3a94c26634,0.008917429451931113
ck_d3cfb3603f2c6ca3,0.02145753697163245
ck_ba54e0a1c328119b,0.8557593215063436
ck_ecfb771ed2352085,0.004635625130871151
ck_2401e8ff89e574fd,0.6148059363777547
ck_54e2eb018d947790,0.0040403134144134205
ck_ad7269eaa65c67f9,0.017580876878412324
ck_cf2ca4f286e289ba,0.017791944715752725
ck_ccfc9ab888ba933d,0.005705951278035451
ck_c881f26c9bf9ae42,0.5707252238626668
ck_a7afdac4ecbf2de4,0.26147873192146426
ck_57d0a7eb7eae2eaf,0.015726545660440933
ck_3fb95862b70f505c,0.027236445964539963
ck_5478eb69ef912785,0.37556749541864154
ck_bf4e7d48770a4a8b,0.07957579047662257
ck_5875828b11406398,0.009941421319504788
ck_3019afee83342701,0.01815716116293231
ck_dfa0ac11fcb1dabd,0.0015313756998482954
ck_2d695f8358383092,0.023134064219212012
ck_7717fcb100dc4b5f,0.007846970573772198
ck_682262b455a9edd4,0.0010903721746286692
ck_18270fee7c8fcee8,0.0014216065980368281
ck_e6d3ce445b86003f,0.0015439575646589662
ck_61d7b0568ec5d6cf,0.014888720999536472
ck_bd1bf9e3e29de281,0.060905379795493826
ck_7ea0bf310fc20c7b,0.907442028795733
ck_328696b8f5e54ec6,0.055240449885421886
ck_1507f5aa50cdf3a0,0.01423527758524078
ck_ca10102961f99eb4,0.005244911958028972
ck_61b79dec96d15713,0.0011490860886492651
ck_ca7b993e8286af7f,0.7606114695591304
ck_c9dcd92b2f836b61,0.01701278945859432
ck_fe2fc7d6e5d83f09,0.035959355762531765
ck_b6e3af0a5119d9a0,0.0353655345780666
ck_e535fb0f0c00418d,0.04490287277291136
ck_31109c899336348d,0.11399984170309252
ck_d4e024fcda401a31,0.0048838028303599705
ck_9cbef9bc95449dca,0.004879835336304029
ck_a397cd64ec5d644b,0.0024859740793050458
ck_b0f191e44f9b6f35,0.029779726663309365
ck_3049d744b527f4d0,0.007627554372033607
ck_6f661b428d6fb8e4,0.06982495926724887
ck_da59ab47cb6284ad,0.0012592382460036773
ck_5576ffc6aaf6f22c,0.001512660362400772
ck_8955d7b9030d5eb5,0.011369699426113274
ck_78a61215675b38f0,0.004540749782573789
ck_001e42551cd06e40,0.002512198102329261
ck_3b6057d51fd4c7d6,0.0015536143327157552
ck_87110d84872c0fed,0.020300090949857776
ck_f034adb57391f3d7,0.017973394856985563
ck_d84b5403da4cea7b,0.01036813438084126
ck_f04062216f95fa00,0.017171162983345357
ck_d9573100bbff4014,0.18152761835226705
ck_b5d0d223ef56473f,0.011683691677419132
ck_3aabf5e0f4defb41,0.01540646264045732
ck_ac449ee0c315edde,0.0025217639938652616
ck_085d8c42739e2b10,0.9904032837016938
ck_937402a60df0821c,0.0012118239974483209
ck_cd1dc68e441222b1,0.9385614611154892
ck_714c5d7cb17bc9f2,0.0023841403220198863
ck_1d01b4a609918c4e,0.8861404381498503
ck_cc1c0b93d05b7d20,0.039056730540942095
ck_46f4e1f5026f4d1b,0.0009518991595552616
ck_779491819995625d,0.45269253431366285
ck_46bec0bff167ed3f,0.014438948160805636
ck_92d679d6ac7dcdcb,0.035061288816004815
ck_22a7cf3b99c5e5fd,0.011590967127894822
ck_09faa4e771cf876b,0.0038641088236409694
ck_0b2eeb4e00ff7955,0.004783315724271507
ck_9843d0e61c37ebe8,0.9928120469808303
ck_e2f792fae128b18e,0.059966171406066214
ck_00aa5fc3b3bc66aa,0.059850983643296024
ck_3dc378f37d0b74b8,0.010455058640307612
ck_5e98ed6391d9f429,0.03196064312984655
ck_9036b2e5e9298a34,0.0028408902264729597
ck_a1cdebfc42a52448,0.0028984646383759007
ck_5f48762a14a0326f,0.0012526693250528875
ck_8adb40b168b59d7c,0.032473633325754994
ck_c08e64d424e56c05,0.021179034756980207
ck_68914e67343a7d32,0.008148887619960826
ck_09e9c51eb538b255,0.003220546906768028
ck_f9a68da9e0f0bc85,0.0021069365983646584
ck_498a0acd450944d8,0.0015235163800052052
ck_67ab6f9e05c85085,0.0078071833792801425
ck_aac70764dde15168,0.13045129970769234
ck_e5ece47d0dd10526,0.0158754266439215
ck_aa8b9b36a099e4c8,0.02301321865231297
ck_8d2f62930777416b,0.05478983825279845
ck_8312c49b1431a406,0.006429489247988963
ck_6438ae81d43cb196,0.0040302765661212525
ck_949f08f8e80e93ea,0.007377286920572856
ck_f9b439c9161c3e52,0.001675685075326942
ck_4dd4ed23e0b927b7,0.15710226863602594
ck_18b36d342b530af4,0.007838934137759473
ck_8c8c98cc694ac900,0.036413089309149015
ck_74b502b20690ccfe,0.005553283750013287
ck_7f0c4f609673ef62,0.006729639883248533
ck_02241f3dc301bebf,0.01647819583200621
ck_6e5752b87324b58c,0.00889833648288847
ck_b4068439c413b150,0.007893508864085822
ck_bc82fb1895fddde5,0.002903306677929384
ck_0a45d033d4e280ea,0.00924948158949509
ck_39a3f1da060e88bf,0.012548865884453341
ck_8f1cbc432e2774f8,0.027749942166463794
ck_8ef97b55a5fd6ec9,0.0021793016460095837
ck_aded05ada490da20,0.008485835584307964
ck_335e63101b1e6c4c,0.046276276152838254
ck_e5c30947b732f661,0.05169059271835022
ck_f824b326d5089885,0.09614572215399861
ck_a4d7f6a5869d440a,0.9295447481123356
ck_58e20f5a3e7f11b8,0.21684810724822895
ck_a04403073c90ce38,0.0014733783597124176
ck_9eea37d2de633b27,0.0014540765282618508
ck_fecb39c82c43e76d,0.004273915021896834
ck_f5adad75e1c06731,0.026571203280273487
ck_43dc13b6b6d31297,0.043624680609919766
ck_3acdb083e0d8ad61,0.0010679915040335928
ck_54bfd70022c66983,0.013552703805823206
ck_c422ba389ff00781,0.0008425799780417001
ck_b26cdb2b7b165d2e,0.025779311034836314
ck_4563227b2038ae07,0.07194937116629102
ck_355c4f29089731e8,0.8739652024783433
ck_fa4211c4d826d830,0.001331756142159691
ck_e886ba71d4a6fd73,0.02659704051156543
ck_f76d929541ed41dd,0.034321157291690586
ck_0f37c554a5057801,0.6794230241595163
ck_0a7ba51d626e932a,0.011934239648931793
ck_55efc92394fee232,0.014299560962507292
ck_1df4b46c0a4c317d,0.016683446034780773
ck_ee52c7bf88f952ab,0.005519203280658592
ck_bc273f3ce79f7e1a,0.002040857839298164
ck_9371c700d9830326,0.028718446962191328
ck_65acc43a6dc3e65d,0.002590067613944779
ck_b0ee3a98175b462d,0.0015154244973508372
ck_dfbb2056f1ef7d3b,0.0067370688901869855
ck_5043e474f848346d,0.022216465102793254
ck_6be8ae9d78148882,0.0031566573847506747
ck_fd4cf578e87703ff,0.013108635810138283
ck_8b24eadf6c72b30c,0.39508076672849474
ck_38c1c75cf055031b,0.009719204644491502
ck_c8001bdb9aafc8a6,0.01102082231551747
ck_d598fe8d2c779ab9,0.008417721312570686
ck_af25c72d16299258,0.0014805621650030903
ck_0c1f088e17e46daf,0.01412272028074915
ck_6c7b41374f9b2e55,0.007091387850187468
ck_e4fd8cbd842b6993,0.0011141942510558764
ck_220fda3c11c59b6c,0.04508282538328972
ck_e3e95546a84d0ed8,0.010255204216083025
ck_53c8315b5c30acb4,0.0031488003374054866
ck_fdcb1d9265d8fec1,0.13152102917877598
ck_94f4266ee7871345,0.0073044409031392
ck_7a7e40ee3f97c035,0.029548749504025584
ck_6a519bdac0d94527,0.001400619703281284
ck_ff30dda2c881a4bd,0.7235019155764044
ck_e7b4016909405981,0.0020662069702748935
ck_1abb93f6924645e1,0.006554119107128158
ck_5e74fdadb93ff293,0.02610469427002577
ck_fc2a6e27b10b10e9,0.001284887587675828
ck_47ab8e51e5b3a2d8,0.0024942860878717533
ck_246989b0c288664f,0.03738398433351439
ck_ddc7c1f3d45fe6e6,0.006529561745078225
ck_0acc3d8c67218b9d,0.005154204900796556
ck_4c840e5585a7b167,0.10351546940129136
ck_1d30eef7110809e5,0.28549650083436323
ck_ebbc9418cd41f692,0.001642941215094652
ck_93cc12703b500613,0.06990713945164632
ck_5060aefcc8b6f958,0.01783113007162561
ck_0595c2a0c7881e05,0.00838166214488451
ck_d9735647a6b0b0a7,0.36258649063906995
ck_f89719a854fe11d7,0.01742814428049638
ck_d813e15ac91f487c,0.03234711333160379
ck_cb8551453a7bb929,0.0022286033447359004
ck_8642e3b6d84f49d3,0.0070872509888692415
ck_9ec7f334604a228f,0.005202524990758028
ck_e0b7e2c0bbe228d9,0.003179466732698078
ck_e7b40b60786c1530,0.0028670380314323187
ck_edf229c17d25dac1,0.10696802352324453
ck_4424a5223ba2fe00,0.011462883225891868
ck_c96ae2c28086a059,0.021480164655102673
ck_ee40498cd97183d3,0.0013814919536932542
ck_13d1b192bbff8f32,0.007291934936711708
ck_079bd18dacb704a8,0.07047383866423489
ck_884168153c9c0c81,0.004793635532713474
ck_dbe58392635133ca,0.031023790969639423
ck_9440335375701f44,0.0069232984665892495
ck_9083ca9fec2a7f4c,0.009251402505969996
ck_2f9fd36a4a40a6a8,0.0011023086858097711
ck_8bf46e472f3e20de,0.1115182886405766
ck_a76ee3b3e3e522fd,0.01852253984275433
ck_9dd7daacb7833233,0.02194117091539908
ck_8eaf9509ad9462a0,0.000989490029517394
ck_c5517923458106ae,0.00744780356198294
ck_74a4244eb1f162e4,0.0012459588417869404
ck_fe1b1adae3be70a6,0.7329824485805392
ck_571133b2aa8ead51,0.019177424663086817
ck_2b87683c90acb852,0.019402266701850305
ck_3f730318a9792292,0.015413737981375766
ck_70804f60d9704128,0.067005688371652
ck_7356f47dbbbe7904,0.006326991209978901
ck_e7651fb87bb24132,0.001797579479588889
ck_4a59f4e10bf45d7f,0.0018115869468529832
ck_98e337806104dd88,0.0060318196392070665
ck_c39a9e75760e3201,0.0018265392161725836
ck_39d5f6c17c745ab1,0.002599832601014716
ck_ccbdfe744acff8bb,0.020265982046062683
ck_d6ba7ffd2ae08863,0.00924535878203438
ck_0eeb3d9b3e697edb,0.012891940461973748
ck_2a65f1cc23f1180e,0.0018954827984180543
ck_c91b7fccf6aeb4a5,0.021039302038507353
ck_e55b7fa67db1ec27,0.0011275349367155187
ck_214af0806470ef48,0.005686877652108015
ck_7fbb709a0fe95759,0.002656522317109186
ck_4a9a791a1d409a3d,0.01854236796947856
ck_99e52c3c2530b69e,0.9875830075422675
ck_eb3fb1106f2f1b21,0.0391311612194044
ck_08b77ad5f8f73007,0.012022033333864647
ck_934fb5064b6eefe2,0.0020209744256759463
ck_6a92cf5f4cf5de38,0.03949967352527302
ck_9ea5872f14cce338,0.02428353659756779
ck_6ff6883633b8c7ba,0.0014271692661002437
ck_f19030e6e85a6776,0.032056238169373
ck_cdabe60ab59f9d5a,0.006340043602236873
ck_75fb7e56432ee4b2,0.002487956074856672
ck_bb84b2b30293f566,0.6135512842506445
ck_b898d912d1181ef9,0.014327974037694665
ck_348a525791ae6475,0.03735408016741151
ck_18ddf7e836256e3b,0.005322897564832244
ck_5b73d7c5255e58a3,0.2913850848246251
ck_48d4d63beb26b623,0.007280062432288406
ck_020eb0e454524ecd,0.0025241357698024174
ck_961ddb8ff55d868e,0.0019474516849531534
ck_109fc467ec0a4af5,0.05453898933441311
ck_a872df31b28a5f7f,0.12045055956203289
ck_f0093064aa28f4d0,0.022845981221246623
ck_2b699066665abe8a,0.023456019624324788
ck_a17128972d3e507d,0.03811490501748514
ck_8f35d229b62c8f23,0.00361311780400204
ck_ef8a6af43fedd464,0.0014267807263661939
ck_1e6628879e9d653c,0.0030719655736877872
ck_0aa9db36eb16422a,0.0020407463013772517
ck_b53e88c0e927d896,0.0016671245259596511
ck_a9cd84a6dddfe584,0.015349337327389766
ck_b498fa91a0776ff6,0.19605417844732637
ck_69eda24e931fb36a,0.001179860228283076
ck_1f0bafec397da8e4,0.06634740910661846
ck_523dce06515b072d,0.01483382176181636
ck_404e2217fd87fdd2,0.0014138866604929041
ck_6b954c75aad8c012,0.011972852895158665
ck_614f777c2eb5d537,0.0014150038925512753
ck_7f8f864fcc90ca82,0.02286718279303897
ck_58afa1550b3b5294,0.008544903974437305
ck_ca149244b54ef3ad,0.00036735358256054034
ck_1573878386886290,0.004236727760891601
ck_7ecdee2d7127be8b,0.004710987132982341
ck_b667952253503174,0.004410687249104997
ck_c8307fecafa90140,0.00890117195605531
ck_99a92d710a29c1d0,0.00246185783493163
ck_bb6cf7e7b707731d,0.9032161086323252
ck_fe3c1d0ac090d960,0.030687176343435013
ck_fc60f42c68c7024f,0.023435517144799262
ck_f71a4094e889c3af,0.0022792903911940422
ck_22311b037456a76e,0.0017492677410821055
ck_fb90408f4892a21f,0.0259080989102772
ck_5866b413549765bf,0.0028200180122075584
ck_2ac36e1dff211d38,0.04118185700160271
ck_ba8affe4b9505a95,0.8788976888826663
ck_1b2d9cae92a1aab1,0.07577578119722361
ck_58f4c3ac61fda129,0.03861243575535587
ck_a378c58294001a36,0.9173978063647377
ck_afc484d1b6907983,0.0013407245138340202
ck_030cf09525dba4ba,0.0013470066950757933
ck_babb95a76c69509d,0.040508246334311965
ck_5662492a54e6688b,0.009501194215395522
ck_db4083a0d043def8,0.07643298147599256
ck_c0032232c2868328,0.022783236879885548
ck_cc91bd7152d3e9ba,0.015226346072655004
ck_c484c5bda389bf20,0.0015387447296025657
ck_a7ea00a1760ad561,0.9910318663728085
ck_cc90e219f1ebf390,0.0017562495329266343
ck_ddd65711b5651f89,0.001806584084597244
ck_f589f1e29301b5fd,0.022832379661951868
ck_8c6f059c95872126,0.0018503435713062564
ck_87f82b2b5fee757a,0.020084378444952554
ck_3abfc010091d679d,0.005844906418833723
ck_b8465b1a5666155b,0.010198962386299006
ck_f0bc3bdee6bfbb94,0.009857803963829695
ck_767e0be086b5f601,0.017008585006480947
ck_96810ad39d4cb7b0,0.004713244044740286
ck_9741a82faf5c7889,0.05188434416132448
ck_97ffae702f7c3d08,0.002371100470773861
ck_963762210edc5694,0.017751557292894626
ck_5ff6108056a3fef5,0.004287743801262681
ck_3168f4f2778d64e1,0.009863904807254003
ck_59d086fab5998646,0.00917333296817178
ck_43292f70a03ddf2b,0.02903062171437948
ck_0b259620eac51618,0.0029500260478853802
ck_678e74532ac19700,0.005305646396373822
ck_52e1418cf1aa9871,0.010968003733039175
ck_4f875342394c110f,0.022036464664842853
ck_4f639f4ee6ce8d9e,0.04043549294380129
ck_36224a2d394ebfe4,0.05799627395603709
ck_fc4bfd6e739bddea,0.0019801870791590773
ck_88ec57a11b11f702,0.9264507697287131
ck_896096cb167254ef,0.04348180529682971
ck_c920901b9a4ba993,0.9070544870863879
ck_2ff1860da2004c84,0.0014963789259845538
ck_631ea1ae91ab333e,0.017802962555100943
ck_0b9fcff9667ec05a,0.0060220247932818265
ck_d3eab7a06eb48348,0.009606741667251171
ck_4dec3df58077a257,0.021610950419800577
ck_73d3689728270a2b,0.0018825834893777655
ck_961e7dbc217cfbbc,0.0018433634242158228
ck_dd97429277a2fa00,0.00807768444176404
ck_5c37f7563fa7591d,0.004423001896906037
ck_f2ecab85d4693b4e,0.030253397852118606
ck_a0e3a2facd508e49,0.058432227038410445
ck_02e5f9cbbbf2f078,0.018698407481630288
ck_d064428b7e7dc409,0.0018571041299671157
ck_4f463ef25325ddfa,0.36292457740238815
ck_a6fe344bbf67f14b,0.007475092917928089
ck_e03b7d0fa0b28f4b,0.002246077084886311
ck_2f6b33bf46976229,0.002429715123225257
ck_9c60ae6958d68dbd,0.2274652680384763
ck_d730ff21bfd7769d,0.007415876051252645
ck_7048bedd554c703b,0.0020978059385632327
ck_9e0383e1fb6e214d,0.34027665529808704
ck_733aff0f56f5b3c9,0.014714007252641555
ck_11af112667c98394,0.005841274420938318
ck_004efa95555437e9,0.0056741347923275984
ck_7de6997178207800,0.00578021124992934
ck_68dd79a51eabf5e6,0.047206947037730124
ck_0567302c57a2417e,0.053541463996570685
ck_59de511b20c842ba,0.024027754911114325
ck_f1ef5cf7f10b16c8,0.009236522624718697
ck_6a475fe324d7d790,0.019788060389212207
ck_31199510b40602a1,0.008868369820578221
ck_2a6d43b9f883b78e,0.8614488800646616
ck_788e78065526ee19,0.02433754304579401
ck_fdf89dc69f700f84,0.13828483083182952
ck_02a8582c2603e675,0.004748596700030374
ck_9c9e8a38bd5a6c88,0.01281053704866602
ck_1c2dcae19539e148,0.020944613655075814
ck_c7a9c7b2eef46a99,0.002148568765090544
ck_d9f8efa6a7800f76,0.00894477999007098
ck_03c4fa4f3ed3512e,0.004066578320413918
ck_c80a94d4660041fe,0.027013306537099973
ck_4819327a78615485,0.007461131714733496
ck_ab3de3d3e41c2082,0.001970099245599057
ck_e86ad2fe815b6ed9,0.03696304497161112
ck_c51131e53baa59c7,0.000904021425236318
ck_e963d8525018d072,0.01686635762607136
ck_a4a01fd45936b078,0.02403157531974679
ck_66aeb00e44486cda,0.9024460181750945
ck_838c52cc1d315ec3,0.009762371195869961
ck_d20d4ba60eec9945,0.010025582590908863
ck_1f1273a67cbad5e5,0.5825263492948171
ck_44e57a0bad5a0745,0.008574462148939652
ck_9df7e153868bca13,0.0028690187542051507
ck_50d7c4dab837bf66,0.006550801072125216
ck_9cde4036d0914427,0.02340483380983995
ck_d557b9feb241b3ec,0.00211824971918893
ck_ba4a6b9aa63964ef,0.010522351216250824
ck_5ccc0c94e5e1f849,0.00712880412119094
ck_3cfeade2cf270fee,0.012277146275444054
ck_faeb0da678bb86c0,0.003988670260814891
ck_0f35e930d0614613,0.9879398003008079
ck_0e962eacf98a813e,0.002600905059471974
ck_c8b2e2cb349dd0ff,0.0031974275094115395
ck_45f57fb8194cefc8,0.00879956126323422
ck_cf6aa24b92c4d33c,0.8235478988375866
ck_f3bc10e3decefce4,0.004626036562042953
ck_c2466fc40fc9d5ed,0.97551728823137
ck_5ef50fb07b6737d5,0.012458846233225363
ck_8d0cd981ed3a183a,0.0787358160812856
ck_aeed557007d52e9c,0.0020750746615176515
ck_dcef7887a4f1e435,0.020180222552257782
ck_6d6ac1f5dd882aa5,0.0010749649057079807
ck_9e3fbd04e3532f32,0.3860147999903596
ck_b8e5244e650aa81b,0.029829177374877783
ck_975c2aa3d4a8c51a,0.01179695614468463
ck_4f75144c6f3b13ad,0.012447342719337316
ck_0e7899a57cd617d6,0.0020510179255938342
ck_df8ad2deb0a4ffed,0.015908946849233795
ck_cf7a022178165e56,0.013580751823600157
ck_5bc07deb82edbad7,0.0034614755370094893
ck_f2aa1b677619ab19,0.006816590053130507
ck_cb42e3be6fe87f60,0.0033391884669775585
ck_4dfa1c1e9b69fcc8,0.016651253213925337
ck_23756522b58df5d8,0.0010804800785096955
ck_c76f1bf40f3b787b,0.0008248855082449866
ck_dc569c1167ccec0d,0.9435930364105803
ck_1ce20e4223a936b1,0.009338430509726338
ck_6b97d1ab90f6bdeb,0.009271242740423548
ck_1e97899875bb427b,0.011558433076903647
ck_4b00e75c2d2d0522,0.0017550532643104658
ck_e80883208e8d0453,0.006038800159996816
ck_636111f7f030496c,0.0027040389680273954
ck_a2d0417791d4132d,0.00466515404760539
ck_7a7bb9be5a7e48ad,0.012898416756948047
ck_5d2b9e6e087b8dfc,0.9918841504625201
ck_6957905a65c47879,0.005104578621956131
ck_a33d2325f86ab12d,0.002898069387281506
ck_4df036e2aa7e1056,0.010399827391079608
ck_05ab5b03d0bf9ce4,0.1850898515581045
ck_bc04f51c23290bcc,0.031901282885898934
ck_2ce8931af02a2ce3,0.0075993244669027744
ck_dfba788f35d4c372,0.004795598940901494
ck_90eeca1cda79fd41,0.005574755741659341
ck_f96db2a1f3448d1f,0.01318134554333207
ck_af5842fa7202ff25,0.037409241765984265
ck_ea62ebfc1f04b49a,0.017024345313698626
ck_75bb521de55644c7,0.007558765812750334
ck_81a960fddf79ecf1,0.9174050612515108
ck_8da980cb2e1e2bfb,0.00503136945542087
ck_fa321945ebedb916,0.02271372934726947
ck_00dafc060c8de32a,0.032655224577891835
ck_f81a97d350397306,0.015626169849060487
ck_255d87b7fb40caa5,0.018673414152874716
ck_d5eb179dc45394c6,0.01991616645563143
ck_628f449e248c19b7,0.25160853456495436
ck_d9506476ad3f9e08,0.010427411043177924
ck_e3f1d85fa5d49396,0.009367592352059273
ck_6f3a28eecd2c4031,0.010005747965909152
ck_46d8c029d46867b2,0.0040120288308230535
ck_daf7aea023b7a8f6,0.021529583397348326
ck_aa37993f1c17cd1e,0.010932404607155475
ck_9c3aa9f23d01fa1c,0.004170924402457175
ck_9658a6ef471053f0,0.0034006998884033215
ck_260cfe9141d249f1,0.28977245990227357
ck_8f6ce158c2902877,0.0014220877228926796
ck_430a3d03be588201,0.0022268957025249245
ck_b5f9dd00914b4db4,0.005374907810971545
ck_1c6820fc38135ad9,0.00981535417640945
ck_1f22f04dfc08cf27,0.00680914484966153
ck_aa0a3179f1111674,0.005907901995300451
ck_9d4b5e6b43bad4d8,0.0014558006711968155
ck_e3b3c5a80a567418,0.0029855266054745738
ck_937f0da2306b2eb9,0.010127746141928202
ck_cce8b6657a538fe0,0.008873583259211434
ck_9e665618a4860306,0.0030297814679112853
ck_8cd274cc85aa35d1,0.014136026695363395
ck_b7da6640fa2f49cf,0.7821675365708822
ck_f568772b6cb3febe,0.013390322957041633
ck_e95c8cc1864bd584,0.0009569145968371165
ck_66600620149c8799,0.0023820679509696093
ck_81307759252571be,0.00824388061502392
ck_378a9df82b1e0bee,0.3805149434639784
ck_9ede89e8a43c3f53,0.05916321721641715
ck_2ae6949246ea2648,0.005846446386250285
ck_2c27b77c59d8f23b,0.0902814553673176
ck_94940d783e7988e6,0.0062885526624556765
ck_2db10f987d137582,0.05070998825375074
ck_dac3852758f4ea89,0.001289675305106965
ck_b5a3e20fd210017d,0.008055829371772667
ck_3f7c870510083a51,0.01041730594558264
ck_96a89e720176b389,0.05828082227346056
ck_1aa87cb62acc0ac6,0.01572889216545744
ck_78cc5ec4940fec3b,0.003642488914299327
ck_31742076e9a998f8,0.019173897074342798
ck_3f9e6d356d3dd3cf,0.001568138798270077
ck_ab1b9d019921bca7,0.0109526898780249
ck_c8791f7ebd4d93c7,0.021132357847229607
ck_47a6005fabc33551,0.002499908127669134
ck_5a540b75c866166a,0.01421502225299685
ck_059e4fac6b7f704e,0.021393061751993354
ck_6c72a36b05fa0f4c,0.025804666886582905
ck_966a167758fddfd4,0.023914307844691667
ck_9ce743dd3e92549c,0.028813937173273452
ck_08a6d4903a7fbaca,0.011540877807671577
ck_8e5999c436cf037e,0.0021998427539108487
ck_acc764b49ef02826,0.09869178247336963
ck_7cc2e091806cfa5b,0.023083599622090445
ck_5ef935ac3d4d3332,0.01165027318882589
ck_a84f2cdf695a71d6,0.007415939860398078
ck_0a4d7acd2a53cbbd,0.0024696970910514397
ck_c5e4a17d3efb19a4,0.12783044528185888
ck_8716cbf892c50e29,0.008923057714954422
ck_b8c7771de9b57705,0.004891647630367034
ck_0deb56f3f6452818,0.0026211435446372106
ck_c1e5182bd99e0e35,0.7481608508952131
ck_f786cbc987b70930,0.002846968539311042
ck_ab581082e8f72e3d,0.0037119289405930225
ck_45e70c8a9686580c,0.0463591369649379
ck_6fce5a893613fd2c,0.0011178325165868575
ck_003148504557f720,0.06446581073275769
ck_fffa0622344a36ab,0.0012977727596770344
ck_d19bf4dc0627113d,0.0016303546517125716
ck_a337eb38eefdcc88,0.027949751251702203
ck_d4b23804cebb045d,0.006642759799093977
ck_7bda5b5b927b2905,0.08175256869022328
ck_f8124911450fdf31,0.8377443787897518
ck_b4d2f02d2cd45720,0.8972717254021341
ck_0f4e2ec66d50da5f,0.003572001668740857
ck_186161ce152836f5,0.001804796895194625
ck_e4d0a9e1102a58b5,0.01158688973530665
ck_a115a7919ac5875a,0.013918340180961816
ck_c8efa1538b37c359,0.0030304418932846355
ck_4d9eb75e8eee90fd,0.028085015872964064
ck_9ea3d5a5a91fef9f,0.020779696677558548
ck_3c59df37895ead2d,0.0014031989189727675
ck_ea269b35406473e8,0.0013841959138767576
ck_2a5b31594206eb30,0.6086836761075595
ck_1fcc5843f39148a9,0.005206430534279131
ck_7951bd4eb99a0175,0.001561491623140399
ck_abcbde211b6267f8,0.09228727512036977
ck_7b922518f667f76a,0.001119788600935454
ck_0bfc394c5faa65cb,0.0066341170160567195
ck_0bd77fea8ed75a15,0.014079094781122865
ck_7c77e597c951cdad,0.0062137306992064625
ck_e72db9d4b2fc9997,0.9887667704460289
ck_ab01db9117acfe3d,0.014136066777741617
ck_471e4018a23b4e56,0.02779106496757286
ck_4b31a8862a857e6e,0.7280334253363298
ck_87cf36a03bd63c24,0.6043407634831279
ck_adc576690df5b33b,0.026684589585122716
ck_02dbabda93c8c13d,0.01437013753781834
ck_64f5eb4be9e7b8fa,0.7556070691577863
ck_43c1248db37a2eb0,0.004533842377629925
ck_b08afc91d9ca55db,0.02346477689328197
ck_237508ca4fb37268,0.04136620731264032
ck_982b0bf2e2b6c4f7,0.002120558973836726
ck_71c3a8e4c12c989f,0.007234532724015092
ck_41938582f4351772,0.005216932637351495
ck_642344e5c652d8df,0.014966567298935522
ck_cee56be5a502fbd1,0.12073198588654022
ck_0f38d4aed68d7d24,0.3655307473003153
ck_3ed4d13f12fd9d0e,0.02474470507062798
ck_1a9e51d092d62c84,0.8469443751915171
ck_22128a4f0d033422,0.011255563700043835
ck_c189b551bd111332,0.0018255724662920498
ck_5d7801201749ffde,0.02191430795163639
ck_982c2392238b7be3,0.13293151748922616
ck_bb4c6b713eb0b978,0.058276727363910805
ck_2605fd571219e28d,0.0009400512310873438
ck_bd30853e9a57b544,0.013358215240728371
ck_a5276af466b681de,0.00217092501584479
ck_32e486859130458f,0.915735266516671
ck_9e35b908fca1e4d7,0.0018929177931846105
ck_c285a51ed6214f52,0.013386149016609818
ck_67674348e68d1f25,0.01271165360452053
ck_7878679065876b98,0.02437039101479571
ck_bd32dd3b2cbb7888,0.9899768455981776
ck_16dbafc035574654,0.002096931049125077
ck_c1c2cb49c3c1b0f5,0.1028316400940701
ck_8f59f11b512d5b7c,0.048753292347898644
ck_c1b493527224a27a,0.0024427900712057993
ck_e89d25ed7bdeeaea,0.004307486976573536
ck_9a84b396aada3fa8,0.060480013722067044
ck_d2fbd0df99634676,0.010338679243821649
ck_67a1aa88d2ea554a,0.016572574732775198
ck_ab2e3fc56f5b3aae,0.02257060701558618
ck_77c587d24695ea15,0.018859151801890864
ck_f0d806624ef3d359,0.005782498083848118
ck_160e9ba0a3f7c1fd,0.002244586170440357
ck_8c0210322733c718,0.004314056155498712
ck_ef261fc09be8eb0b,0.009702407969562088
ck_a2624e0387974e0e,0.023807023816119592
ck_6ecf56236789fc09,0.9004066209419326
ck_3af1eb88728ed8c7,0.007701340089314195
ck_5d8773badd0d4740,0.008953450905568882
ck_e794741742fb2619,0.006160883586871307
ck_2f8120ca80a1592c,0.009071170901381938
ck_ccb4dd9d0a48a76e,0.004962039801545686
ck_bfa7ba218b988cde,0.0389431668160176
ck_64b4dcbf436f0b75,0.003532076687967716
ck_41ba315d8fccb559,0.006400063064886654
ck_d23f9a50d1135ce1,0.030056932186867107
ck_4af5ec61ddbde1a4,0.007010845607114858
ck_560bc6017870ab06,0.003032454309867638
ck_dbdf8d0708cc6718,0.005441992576974409
ck_e00332597cf1eb24,0.022603966972157247
ck_df6fe4ec5a233213,0.0017092287291598036
ck_94d5ce61a0c50465,0.01205818895551386
ck_e6fecb82fc2a82de,0.010487935029261892
ck_c4f4f28457be8a74,0.0016972851733581713
ck_c7e129058beb3ac1,0.021175793697097458
ck_4ec040b9e3785e4a,0.0032386666587907436
ck_e21f9f96f597695b,0.007030232983165975
ck_ada6ede84c111719,0.003698261325056019
ck_549ed417f2834cee,0.021354125339124713
ck_5068ee554ceff971,0.04476192184836254
ck_d7d50fb57fcb2d0e,0.0014089170245167588
ck_e0e9cfabb979f428,0.009988553062136602
ck_34bd190d37eda534,0.0317806290203909
ck_99021fe7225b5a68,0.027943471357065944
ck_55933936536a4071,0.0028949002785194074
ck_517620ca16505af0,0.005277599179394863
ck_ce927322ef8f651c,0.014653842592859763
ck_b294aa27a0b586d7,0.001664354337616134
ck_c9f9fddef39bc664,0.0364725750049645
ck_13757bf0eeb353e2,0.005234899391757418
ck_d116e0e7c19b878e,0.9056640895961077
ck_a3747201f377626d,0.9438059778162659
ck_a315c9619a317609,0.00891040423842564
ck_9958b58da9e3c21c,0.016734820643182456
ck_89184bf7b7fe41cd,0.07805364400749276
ck_16b66bd803288bc3,0.8116658244627013
ck_7b382e533e2e925a,0.01398661111042752
ck_9a56739d81f84a53,0.0018354345857656829
ck_4f0c5857da45fb28,0.05329062232297216
ck_3b49768b448b071e,0.007603155963312586
ck_54bb53b8f8ea32ae,0.9669259281212494
ck_4c7c50684827a2cf,0.001684375211938646
ck_538dad7f096458ad,0.018204900810697387
ck_2884bab237af16b7,0.0056700830551170735
ck_8a6ea4a79b1c7a8e,0.0031053470791852188
ck_57c14e32fa4683bf,0.006243684915336196
ck_c5b0f0d4f1655a20,0.016909802309005878
ck_aba573aa942b1d41,0.015275310028830164
ck_15239ef0689c1a35,0.01322267166406852
ck_aa153a89a52f7eb5,0.01221903279213423
ck_fce0610c527e2b56,0.02044265346654569
ck_863db2e394dc47d1,0.9582427533284158
ck_66dd4f4b4127256d,0.0017030769308164868
ck_79205e31223df2ad,0.015409961470778536
ck_31d5e3daced93d3c,0.005285198595252529
ck_1fca72e03143a645,0.9509547642871484
ck_a627734880aca848,0.007103045363930178
ck_8449a28f7d475d93,0.018994139179801434
ck_27eb86a9898cdfe3,0.0033770984312274555
ck_50087d8666191144,0.44693594625751787
ck_d28806a2179092eb,0.98840834974397
ck_bcc8519fe8521038,0.03221575132873478
ck_53036d3c6c74446c,0.1285391881350069
ck_7d81b59d615a6649,0.0205246087911721
ck_5e5280539257c986,0.0028798215361936245
ck_1838cf8d00f5b1e1,0.008647208984192056
ck_50460e0189de6274,0.9729433564330645
ck_325caeab5c7a9c3a,0.0017159216543527842
ck_7ce4ca91b8f9f1c1,0.0039087564135741135
ck_f87d66946252476c,0.11894126981724715
ck_6d0d081bfa8a0022,0.013230135968309513
ck_ffc8e3c1377d0706,0.002422749329059418
ck_38d1a22850178f33,0.002308800269623108
ck_5c58e7f8fd55e26c,0.01034649946434457
ck_1375ad9f10688e4a,0.0018428478427342896
ck_7ce768407fd48321,0.038646057860947346
ck_31b16b8848584e98,0.02335406395283908
ck_fd44e34af620e606,0.028765582215573793
ck_9441d48a12e8a4bf,0.32996245663318535
ck_f69e93388b3028cb,0.047241201605180194
ck_687b412e2aac7eb6,0.035387346303080526
ck_f473a03fbcdbc4b0,0.002988842523370607
ck_28588fb03b320520,0.048987420804689055
ck_9f9555197480d1cd,0.004283495768802172
ck_2ddfc948b8eac752,0.1766262417869846
ck_d56fc799542299b8,0.002055790878108996
ck_edde1d7d1db24725,0.010335627295691154
ck_81793387b38047cc,0.0029907575280192326
ck_13648cbd306eee6d,0.02347296885262183
ck_a5d7311291caaa54,0.00359843600871785
ck_bd26d2bef14a8597,0.00545773330335406
ck_8129e81cde280131,0.008392147121803547
ck_431118050b834dcb,0.0041490069190347895
ck_580dcec33ec232b8,0.00596385132233157
ck_ecf006bbc78ee3eb,0.1693793032433175
ck_acf7d65eaaa4c31c,0.0020573604183295965
ck_8ce9c5807acbef48,0.007409250091826355
ck_c3d7d3d12a1981a3,0.0042214068704349225
ck_9075432001a64e75,0.007346151898304859
ck_f99738dff854e25f,0.002487855525797527
ck_a1a93c5f375f6021,0.0031088127864518497
ck_a35d81bcc54ece2f,0.006826281401205395
ck_f3996a3c8eea1ea0,0.008757101074643192
ck_b75b936aafac56b9,0.0055242913677505286
ck_25c355da356c730d,0.014802852915652741
ck_5615c6bbdef05291,0.09731648208309958
ck_4db95c310e105d30,0.001190615866092149
ck_b76510998b9a2260,0.003954599521498086
ck_90bc176c43d85fd5,0.03944807874156395
ck_4b387765f0e916cd,0.0035213233000179504
ck_f11b1565f986f5e3,0.008476857514066639
ck_e5018f9418e0102e,0.014841630989578152
ck_a08f8dfadbdca112,0.002332349386645627
ck_cdb8061d8d1a6c5f,0.004097709209014066
ck_6e8ebaea8f7bffaf,0.0010341819910751828
ck_66746d1090d6d9e9,0.0008432000171787832
ck_9cf5e88e97c8c7ea,0.007153553156852814
ck_fae7e518a585fa61,0.01731878490098614
ck_8fc641b1750a2542,0.23063970139533158
ck_c9eeab826781dc91,0.009385794822374092
ck_95ffa1a805a1c9d1,0.0022953989051350825
ck_e839d104854945f0,0.0029684054893866323
ck_f04040a830f92bac,0.007640406824737591
ck_e8b5bfa6838e28d1,0.009583352411375172
ck_72e7b1acc19df820,0.003857826705985063
ck_fe43da07608b1749,0.00886004030599149
ck_7e29c10d781c3b41,0.02240581361016135
ck_f56073911c9f1ab7,0.0022683703104848223
ck_68be4fefc85a6b64,0.13158630934186544
ck_f07b09879d697b82,0.0027858956307982713
ck_b9c6b32f6bd92a3c,0.0036766624925540117
ck_c8ad86806b9a2369,0.009620102495976324
ck_722ac47c8ac9b6c3,0.29126889284621216
ck_d812eb6930192793,0.001123986884101325
ck_1774faf414a5d49d,0.9527457062749105
ck_7b93a622e40d8b14,0.016687863047945204
ck_39638880292782a7,0.017772008475438413
ck_11132d245b94d045,0.0032232048933320914
ck_f736cffbdb82db34,0.0007289319315084567
ck_0e477084434da450,0.017433720771627782
ck_ea819e337233475c,0.08448259464913396
ck_c6b6ebe145a8ffab,0.0020690205513130143
ck_0af3c13ba56ce57c,0.001205709338566374
ck_cee8d42475a0f020,0.5818853191037355
ck_748b3ea941d8b3b9,0.004035948363741156
ck_96c3a3517153390e,0.0035582773848807873
ck_de8af660806b97b5,0.001932527361232141
ck_2951d76c41de2569,0.023848153422918895
ck_35fe969c58b9e70b,0.0655464512020871
ck_59684167f9c6bf4c,0.18188112556209463
ck_1645e6cc53fa99ff,0.012687059122344455
ck_fa04ac31e596e7d6,0.0046428077394275735
ck_ace21f6daef94f6e,0.0073458451210110885
ck_1cef30d08f3a598d,0.0018537262492768721
ck_cb61902798ecc4fd,0.044871108955085906
ck_9ee044b73943a90b,0.011691613557219892
ck_f538ab6aecf2adfd,0.001102031082169263
ck_c2608f78f6851d10,0.6474431762231605
ck_cf49b6544aff6c50,0.1124901390992498
ck_f45bad1606fa00a7,0.005603081548968304
ck_863708a99b92ef0d,0.012784843529614075
ck_7fc9a0776e1339e3,0.0023203181662271315
ck_320df984791a1b99,0.0021353207976260095
ck_6fb2d142c09ed3ed,0.029540735777878337
ck_3e47f8c56c811700,0.008216235415086003
ck_0add2c321d579d75,0.03585543694823495
ck_e4c0fc52c82065d3,0.0028722928810632604
ck_ca68dec0c7df5a12,0.004593549162123244
ck_ae3a763997f8f385,0.1894352246036921
ck_a38bd07a5fac5c9a,0.0027831922815066733
ck_a73045e96af0e4fe,0.007612291196198742
ck_f29dbbfdd2786bd1,0.021549552696909665
ck_a7331e8b808c39aa,0.07602555187714397
ck_16340be3f2a7fffd,0.0010910950528449687
ck_b129261da9c3c3c9,0.0024160613818540425
ck_07840bba5570785b,0.015748641992974426
ck_abb056a9deab275a,0.01700751535732452
ck_126531a9126c17c4,0.0014411659880378019
ck_333a43ec339a04cb,0.060725599664307385
ck_34a6bd3be642f15c,0.007270676198663929
ck_9c46711b14d9eebc,0.001927841345901566
ck_3acccc69f8b1fd14,0.012419115268495356
ck_74665e1209140ae8,0.014449073798576753
ck_670dc4910cf476c2,0.0012908790815513767
ck_7e2d6b22a0ae20c2,0.02707901245784399
ck_723323f6870fab59,0.009152311341074472
ck_c8affb27ba7fb5db,0.03148848957205377
ck_e5f8c8a5824db594,0.015305615190483447
ck_7e5f02b51b9f78bf,0.03301980908313394
ck_b7e25ddd41514d4c,0.0013852281257702313
ck_0e0919292ad33472,0.9274671616979256
ck_e35a4b4a3cb4cedf,0.006267508867402518
ck_65be698386474170,0.001889802534691819
ck_0cf220816e320ac5,0.0031561902884568887
ck_0308e0602b856445,0.002012713805800892
ck_5e1b81848718bdc3,0.018810267172730166
ck_2085433978e72ea9,0.024709479854889464
ck_b5e4c6dbbed1b773,0.01078879057491982
ck_eb9f0c06ee017ee5,0.008142381272755616
ck_30dac0a58c5590cb,0.04118571730891182
ck_05e01ab9c95449da,0.00591042197243136
ck_f409ff994a210601,0.03738070903965063
ck_05652e8ace6ce6cb,0.0035972971419631792
ck_f4ec4a935e51b4db,0.02704781672943629
ck_df5aedb4118020bf,0.9019622936822362
ck_1dcaa3078dbb7571,0.0008578469528086199
ck_47e1032f490bb018,0.006060909058353877
ck_5ea89567dfe78e4b,0.01496676441424078
ck_1225a97fc413a419,0.06871045800622234
ck_2296d7a563424883,0.003320167410884094
ck_57c07c45269ca8c0,0.002088311263019749
ck_7df3f8f4f1068d62,0.0020267965373752333
ck_558ebde8c29132a4,0.006960149728438755
ck_2d923d957ffd4d53,0.0034084728918553613
ck_6ddb55b1f23c6cb1,0.035891092027415625
ck_93470896f0804b6b,0.8887059015620442
ck_556c62e92d4e7e5b,0.10279542043539466
ck_a059d00cee5cee99,0.002951286421373089
ck_0174d76398d9dc0f,0.005275546029918306
ck_49e253ea12f4e922,0.035553629008888234
ck_f7276091bf513d22,0.11900247194961094
ck_d321249fb065d2fa,0.019795158232020216
ck_e0403d507519b7d2,0.010393875437795295
ck_0f3de7f074bb33af,0.002785664380904347
ck_bec8324a3587ef04,0.0015292051537612798
ck_a3c25d6cc7478068,0.00875159303020018
ck_2ab7eddee2d8c49e,0.005892318049085512
ck_e475a3b8ba870a7e,0.004955867033819565
ck_9b2b0e286de78a1b,0.01705363808186422
ck_5cf67a3a747e684d,0.04361514975855632
ck_9401f9e11f65337d,0.009706002499458103
ck_a0e5656e1cf9cbf5,0.003279275321332256
ck_398a1ed77b0130e5,0.00800323820491382
ck_4f5d022c99f118b7,0.006847966674948219
ck_630530e50764f229,0.02919154435311222
ck_5cacad76e02c8e3d,0.9687268222945535
ck_2cee2dd7bbfc09a0,0.8595228975559224
ck_9478dfe4114c30f6,0.0053344771790593696
ck_2a09c7aa870edb6b,0.0026677274347875098
ck_d5d225ce41a1a762,0.012812890623807624
ck_76091f357974a152,0.008090376661826505
ck_26cfd7c3c6c7bf69,0.011196126970759565
ck_8e54386f4fe22cad,0.006624643773595276
ck_22b52654776a1ea8,0.9541505231104394
ck_822d6e8e43befc72,0.9245266036567293
ck_15eed0f5652f0352,0.005925909619456549
ck_6bc351a3d57aac54,0.03256428341139894
ck_bc736114a31088a7,0.004851340728791951
ck_002cf760d173f0f8,0.013335340410966985
ck_8f8e4fb9c6190272,0.008696367271484692
ck_a39d0bca345b492d,0.002735098211844438
ck_216e87a41de22b5d,0.08005023639579406
ck_75296704f5806f56,0.015629716239097074
ck_2bdd8616870e5e1c,0.001386209927870051
ck_798157bcdb9453e1,0.0012159164730350773
ck_9a1e3ec9a1839939,0.00538560187011737
ck_a9d994554fc14a02,0.000521701256619787
ck_410c3e13b48e0415,0.0029213989721628853
ck_d4febf0083800424,0.012814486194243762
ck_9527adac182abe57,0.8746766072507026
ck_4087065be2a45ad7,0.12152348889212718
ck_c0e8560ccfd9dd9d,0.00127796998960079
ck_8d87658a6f5d204c,0.1595801808860282
ck_d973444855403e2a,0.006366121667056702
ck_64eefec062592c43,0.024241704063378073
ck_5b86fd14e85bc9c7,0.913059965343838
ck_ba175b1bd8efaabf,0.012489625869134612
ck_7696e38b3e4197b0,0.020078660253015485
ck_51bbbf8f8e8ad005,0.9934226595307738
ck_df935d8bdd44883e,0.007395252844039353
ck_a0714f98001efa0c,0.014982182101295097
ck_8c9b57ad2a991416,0.002493111551114289
ck_c8c1bf16d9113493,0.010605441506231144
ck_b89cb90a420c9075,0.0053502332058503604
ck_f0424b3b36bdbef0,0.10980917853574393
ck_8e89ca8b39f3f8ad,0.0034636551479852533
ck_9c5feef7647b0588,0.008626218160775596
ck_374865697f1480eb,0.015056911128175617
ck_0229a07185f15469,0.00939465738599497
ck_4291fd9c1161d8e1,0.010387631196132755
ck_61a59a7944d6c53e,0.8137437245868235
ck_f21efd504faa654c,0.002608730234751809
ck_64c1633297f43788,0.002944826854588346
ck_991c4c924a1d85ff,0.9161750026500348
ck_2dd39723c4088b64,0.005019343754554293
ck_65f76421be648549,0.0057463930538018005
ck_1b93381d8eea58d1,0.007378793979122306
ck_8572c5f5c1447c62,0.010736910881894251
ck_80b8fca67a14e0be,0.4855266699120897
ck_45ed5ee496ef8a67,0.00553464592341549
ck_36979996f33498f7,0.7672624311300968
ck_219bef979ee21bdf,0.001132571018310548
ck_7a6cb27e390b6ceb,0.008094049802535504
ck_d07485ba10514a2d,0.16052025136923342
ck_81e21354e477eceb,0.02476194619202315
ck_df39e3b8a9fd0bfd,0.7859360973708616
ck_49839e761d0e74e9,0.004091453196659111
ck_9d7b9e3ff1f3e71e,0.008487525329526723
ck_f63cb5e8cc702bad,0.013255021364053952
ck_cb856e75c949b0cc,0.001572113798372297
ck_0fd9312411b0ac55,0.010090926690470332
ck_9affb0f26776b642,0.001889048383648628
ck_c417d06f3e94685d,0.0017428671300116824
ck_6c2453229d608183,0.024946767791901976
ck_1867b1199c864db5,0.07336080532563166
ck_8398adeaf41f9cae,0.008551265087201634
ck_796d3eaabc667c23,0.9910267844806779
ck_b4d55bc809000276,0.008063574707855873
ck_839bf139296b5cea,0.2986503679610879
ck_e57b94fe57341058,0.01211347628401443
ck_8ca808cc5a49cb5c,0.005421598745079024
ck_f4ec334be5266378,0.004948013406981053
ck_61c3e3e277629646,0.012418784062916978
ck_483fb981a1fb4317,0.005489272793677551
ck_71f382d5e338daa3,0.010929415478903772
ck_124a197be41687f5,0.009057642358388135
ck_4e4f99102f6938cf,0.003986043525293246
ck_3add4d23124c9290,0.0034001728232679997
ck_5c3f13de0dbd5086,0.014294547921081048
ck_921ff5ceaf40a968,0.06683046388315673
ck_fb0c138c003e933a,0.0019067489164918186
ck_5177fc7137ff26ce,0.0031429521396004623
ck_dfd4e79aaa967b63,0.006872315481279532
ck_850ec97a5a0dab9a,0.007648898675588661
ck_d1a1cf4cf61d6801,0.0210943383549329
ck_646b15f753e5e9c6,0.038386180975768874
ck_60f4fb44f5efe3a0,0.002048182040890757
ck_b53084ffede19a8e,0.0020047903477505547
ck_5b16d67c5ea89930,0.021256026929009554
ck_a4ddac49657a4450,0.018605447818929227
ck_f917c82af80e4a79,0.02110339185432675
ck_b87ef4b98cfcec4c,0.020596177428781438
ck_877c85bad118bc62,0.01401265649300697
ck_42317c3eabd0a285,0.9091568254677299
ck_a5bdd026fa9c50fd,0.014696250425794585
ck_7c88d3d377bb61bb,0.00815896234339781
ck_9acd98f4fe2d474e,0.05227676362437447
ck_6d64193681d2a94f,0.02895805109406458
ck_991b7dfd69098320,0.001678456590486034
ck_c5ece5ffb8800ad4,0.006146232485795441
ck_ffe91d6f0bd93fc6,0.014658690470939855
ck_14f9535e53f9c7a6,0.008377419070492565
ck_e35b2ed08b9e55a7,0.0044706287109239524
ck_3ad6e7bf452c9b21,0.010656198761583857
ck_ad8cbe6e27e47ede,0.022334297003688833
ck_29fbabf855cabdff,0.0023949263632497796
ck_700cb620f300dd47,0.0041295531149850425
ck_b1cbd6679c0f8d95,0.010086251913602153
ck_708fea345f68037e,0.001527356612555175
ck_b08247c3ad567d92,0.8032543947112019
ck_25fea39897f2a559,0.0035885697845354494
ck_9eb80edfa43203de,0.004810911752899645
ck_6cbb011e0c70bc7c,0.0024968088757859356
ck_309a432c160a17b3,0.007744595917522106
ck_e949a0f4df0b3902,0.7175952683124869
ck_4b123d6931b6d0d7,0.8229495929084851
ck_13677a1957078827,0.002656185400968743
ck_243bd5ca8c4ae5d0,0.009135327944143616
ck_360237c1bd30f4bd,0.00285531211530578
ck_b17c239f160e6017,0.004459780276427319
ck_c91a628236baf91b,0.09631000413875507
ck_182dc4a2f5a366da,0.0025292241242301527
ck_9fba80f56f357fe1,0.006730846724809112
ck_c1c5ea839c58958a,0.025404407909625545
ck_6a0684436a1e66c3,0.23672675778889357
ck_63d2978706e193d2,0.02210973226875034
ck_8703543bf3134306,0.01621167778452082
ck_d79bdf04d6f31cd5,0.0025471044742022947
ck_b0d33b5a3716661d,0.007212529655923038
ck_bce253d2396681a1,0.007316460870736298
ck_9be551300209fa83,0.5035003327711584
ck_ec3d12848ced99f2,0.01207994972254008
ck_ad305286702b1958,0.0014435696832251028
ck_96c7d52ba0a766ef,0.021581926314578004
ck_e1d5ad20c737c745,0.013141841905040683
ck_7429b3f87528e335,0.003165574865293379
ck_cf606fd6ebfdf9bc,0.031395913235355594
ck_878522cb775b904c,0.017556496744644882
ck_218b7e6e6dbd2da0,0.0028866129899895797
ck_1dc23dc870f1773d,0.007931610880404992
ck_fac046ce336fe39d,0.003744260905752743
ck_0d846660c7957a88,0.003626684448877408
ck_6821459b626d492c,0.0008974554759175838
ck_dc4db8b932df49de,0.09764116831922906
ck_c49832eabdac5bb7,0.0011345929928628473
ck_c3e37a4d3382c32e,0.002041259033302374
ck_68b8b859a6ef505b,0.013417298081787212
ck_8d501a0386c66be8,0.06747501920918068
ck_86b853c52f20fef5,0.004559703590171457
ck_15886fe84866de92,0.01448922780004786
ck_92de019e05971ce3,0.00251070854009773
ck_af7ffd1a822460d3,0.18088098127062974
ck_917d82c552f95a23,0.006371853133246429
ck_74e5dec189761d14,0.003223896822402157
ck_54b374ade34e1dc1,0.004589337662280441
ck_beb97e498e6cf8e8,0.010478406046291662
ck_a96aaef34173aee6,0.6894824101603796
ck_79ffcfee599d77c7,0.037569959950863
ck_322ffda3332d08a2,0.0227807337849388
ck_3b1d7648d4580bef,0.00397327186003922
ck_6e4b99fb9725d9fa,0.011593219469531096
ck_893b8afbe11301e1,0.006873729468452481
ck_56b992c6f136fa5e,0.011222928521806463
ck_c624b9063400fa3a,0.022593598485694203
ck_bed3e3db135b782e,0.03559430529680764
ck_5d038ecb3c8748a3,0.006479029052880599
ck_77fced07f6dff42b,0.012992176008206504
ck_05d81b1a150f31c5,0.001652133042900255
ck_285719c77eadf915,0.001184036601312913
ck_664b5e02759f985a,0.004961905392087761
ck_eb48c0bcd12ea654,0.007648145864138863
ck_1bcff399166d7c43,0.005091719835594453
ck_e9e3381d5e0e5051,0.0013875926529349296
ck_f5f87f772388efa0,0.020360974349845816
ck_80b072b7f3c7e8e5,0.006640199755809997
ck_386680372fb54857,0.002512361446444671
ck_d98934f9fe0b02b3,0.0012759678356854742
ck_283c5bea94b21e80,0.007150466604522818
ck_8dbaaa00ad829ca9,0.03861096747299639
ck_9782c86ba6485f88,0.0017335084459060282
ck_83a69c4a5d55ef19,0.018644369071106948
ck_4fa85cebf707de2c,0.0037315234293134845
ck_ce1500a7f0d03fba,0.0036368184574429854
ck_73d60b4630e3937a,0.0018836479575533266
ck_279d43303708109b,0.007140218612572627
ck_64ff60c073fdb6db,0.019766106648075148
ck_d5c14e877ca7b755,0.00280979736510746
ck_7e5401c362b2216a,0.0010582604247824437
ck_064b2aa3f0bfdb6e,0.006730309386147894
ck_70066eea13b4c34f,0.013427506717480336
ck_f0d349d68249d5db,0.0013117085779111141
ck_86bfe328e0a533b9,0.9583913733034791
ck_18f67c00ba21fbde,0.005388226249383454
ck_72fdfc7e6d8e1436,0.0018387524282848084
ck_75257ca7d7da2861,0.08919251740710019
ck_a0c3059a959ba5d1,0.018439136379104694
ck_52f641c9ee6fda70,0.004184973706634574
ck_7c6b577174af7a78,0.00396000486571874
ck_52174855b243a8b0,0.025247691148562117
ck_c12805fa5d970a83,0.015626993232476977
ck_0406931800e0e2e6,0.004887907175961071
ck_4b97d19ed946f503,0.011437034276726873
ck_87dc484baaf5a23a,0.0010918007019052713
ck_539cb0d117db8cd3,0.15272156894369493
ck_09f8f51bfd2492c6,0.013515251171148455
ck_05c4dcbb45de1f8d,0.0018825414318913792
ck_37139b41c5370523,0.04654306875949176
ck_ec094eb1cbb3efc5,0.0034778014485818626
ck_db32c95ce2b6f502,0.8528574091399383
ck_7a02ee1bfba7353b,0.010756748336286903
ck_571dee4f3336c7ce,0.007928460928655165
ck_c3c69aefe7ea1d2f,0.03162413225984388
ck_de05f97c3d40dd1b,0.03762911565393713
ck_823539d936c55fc6,0.0018913377443034451
ck_97e94708bcf43563,0.008435256277113157
ck_71c68dfd011dbbbe,0.9569052686072926
ck_f5791fd8fd8fd191,0.01790528113069957
ck_ec986285fff05b7d,0.00244904289264791
ck_da3526ab6c5c884a,0.004866187734419781
ck_f9197b070416f443,0.00422589601986775
ck_4fc6256e0e60a926,0.008376356687432794
ck_9c0deab8a8367c5e,0.001101023627920977
ck_f34fb7ccf82f41e5,0.006396541827517977
ck_777669e2243204f2,0.7418190686021087
ck_d3a2a4c011fa2554,0.0017984267708572015
ck_ac84b33304362c06,0.008785804145859104
ck_16af4be191c47d3d,0.0019516673336556834
ck_0446920a1004c596,0.008161071224016802
ck_0c6a50d747593b7b,0.01585769778144048
ck_193d9c87ad3f1dad,0.0015413579400885597
ck_5b8315726f6204e0,0.012082345903587928
ck_f7e53af3c91fec64,0.00863760756074324
ck_e679fbf4f4f4aa07,0.0024773212892489358
ck_59a14d2564193101,0.0013828481957243906
ck_0e9ec486bff403c5,0.008887621531192274
ck_f6b7a10d47dd9a1f,0.008795778296012996
ck_4b4d99e443618904,0.004566462863475742
ck_4f05daf1cf0d5755,0.0013955155422890001
ck_64ac5e6fed86ab60,0.9780349766135599
ck_01ac687ce0d696a7,0.021747981923582894
ck_5f9a7ff990341bdd,0.0036105314015990844
ck_010d0c2e6c1657fd,0.07398831535276618
ck_4b2e87d86a5e415c,0.014305756123269394
ck_66f9f78d4c6a3edb,0.00847419076082878
ck_0b1d84252c0b46c2,0.0023126289704279816
ck_68b5542459638b56,0.32757694083051425
ck_62967b91504149f9,0.00594411429910156
ck_f99bc1732ce5e999,0.01484963379350367
ck_c2017120b3b88a46,0.0032013153997122977
ck_f7ff94c3df5ac874,0.009672442404188198
ck_25382331551d22a5,0.016014902035924164
ck_703b41624ae6a5b6,0.0026426323787336354
ck_e2c66c72cc0b0f78,0.007761249809534142
ck_28ac4c5134cb8e77,0.04008871630138268
ck_168c96a1a636ea15,0.012963513483897258
ck_39a81899dded61e4,0.00787973442897972
ck_94a096c36162a153,0.009935772236185515
ck_ee535461b5f05539,0.7985786545200684
ck_59c29d9c57b4f994,0.00581677078289565
ck_8982888dd6611143,0.0016302847251806825
ck_60896cdac2212bea,0.08213099593120782
ck_aa188e5c25f7f42a,0.030570381094674345
ck_1f56fe99f250cdf4,0.018413036769419012
ck_d0dc156441fcfdcb,0.0134842931389282
ck_395f3bd4aacd7ca6,0.009930790622303903
ck_5576b725de38d106,0.016714848298475058
ck_e2d1f212f259539b,0.006175199206482795
ck_3c3a1a1365741bba,0.002661910341982891
ck_4f325dd15c9bd45c,0.05055579951083932
ck_66f0945add423e9e,0.005770614121595035
ck_a74f6a3030f5d495,0.034407800120129214
ck_d9ea77f4114a389c,0.010976623224436289
ck_bf15a1f8d67a30d3,0.01069471497410309
ck_bb643194d1cbc47c,0.9896371016440975
ck_80e5ea27848069fe,0.0077323121908652506
ck_635646a661f05b4a,0.020074794523422035
ck_bd80546b4807dd59,0.00974508999351714
ck_63743141ffa11f45,0.008273084292415323
ck_0b8b7c5c581fd161,0.0032353929715675436
ck_79d62ef181bd0cd8,0.009181930374703764
ck_562c76a3753fc7da,0.5999692519377999
ck_d66bb1f063357f99,0.0019372146824262937
ck_89d7bfc81c3df597,0.00813920828762459
ck_fb0cf32c4a56f740,0.012961375519531183
ck_6c679602a6476ab2,0.011843233960665032
ck_71b37fe47490b4ba,0.007081893950014524
ck_494ec63c5ce8e150,0.007193375866665767
ck_92e474e4368c4791,0.02850558802513472
ck_2d3d6c9364362017,0.0018200238922794474
ck_354379de065a8ff8,0.00625680613831216
ck_f7bde7265053364d,0.0071184116658490875
ck_820219bb9c761b52,0.12210338246137718
ck_a5ce2ae36fb410d9,0.002488900895138046
ck_ac55dc6cbcdf8228,0.01005993562692237
ck_f34c93a8173555b1,0.10170462846937545
ck_fb3b68b4424b5f92,0.037849940093243405
ck_d3f44bbe2f7e9b2d,0.012381871374339555
ck_dd9c5f0c42878e67,0.006129527777377042
ck_41bc3efa0fca700e,0.020961290850234068
ck_4d1baef193cfb900,0.018283652217266036
ck_aecdc5a96321a2d8,0.011032176426788599
ck_e7c8a9e4641eb9ed,0.0012425830051345503
ck_f2350bf355dc919e,0.010439688246610289
ck_bc61c59970f8de49,0.011949968328462528
ck_389607982eb6b701,0.880366429011401
ck_ace6b72e5bf3e93b,0.12379976114804454
ck_2afdd69094c955c5,0.010843676587548343
ck_fc9f16df35190eb4,0.06420556721273535
ck_c43b4175fc9ac5bd,0.9263994551869204
ck_1a4e5ace078dd782,0.015070029374287246
ck_232325ef6bce92f1,0.007299766860867703
ck_51c50c4c443df31a,0.5847590300532203
ck_126a82e8d42e5ce6,0.0020101790884412968
ck_caa348f0e65db062,0.984341083726697
ck_a6f61864fac3c8fb,0.009543814620004845
ck_694eb6c43193afd4,0.006653205728014148
ck_d7792b429620fc24,0.007423916273011825
ck_2208392a9f6bd249,0.021234206106160232
ck_8ff7a9b23a55fd62,0.010329756703361209
ck_8c5b29f6666d4874,0.026307515259408165
ck_fcf5b8216d0c18ef,0.0024685160820488395
ck_393287947b5c8d79,0.015789231576156203
ck_3e6833574edf1736,0.007113276282756315
ck_8b772caed8f1541c,0.0051634533014360325
ck_e914974cee1bccb1,0.0066469857607180174
ck_4f1e962ff8a29732,0.0011151102968623415
ck_f6923088c17a04e2,0.041952580879956874
ck_10f90d879209734f,0.007061746286668247
ck_3d6c3c00d854f5a4,0.15004114254417983
ck_6e8f8ef7a03cc6bf,0.021943766285802486
ck_833688de8629c5c0,0.0036230145357186378
ck_20578ac693ea4e93,0.08821462370786967
ck_43aa136bdb0a2832,0.8599185763044207
ck_09cd5c4df1e81ac2,0.2761147966790119
ck_8f4b384955bf57c9,0.010233568326926817
ck_94b90ab8b2dfb50f,0.02130192860134751
ck_ea618f720ff0b4b0,0.0024612191898242194
ck_6c83aa1d100a7cd8,0.04754227097940522
ck_e7be077aa0b2632c,0.002439955652303703
ck_e10ff5c38bd18470,0.0061551642334281825
ck_0593ae243a9ebee9,0.015236057434342979
ck_b20b81b88dabe28d,0.0020018089368681116
ck_2bb6a17e8eee35cc,0.02306935544008891
ck_8def763034187436,0.006194790468411229
ck_c1aebbeca6ab5ff9,0.0094127429247589
ck_ef307a6aee38d1fe,0.862741209463338
ck_49dddb894d33f6db,0.008997047094560376
ck_0daec63bd5b0729d,0.011994436308043487
ck_c49b685d2b3ab89a,0.003398326802036217
ck_732d45bd578dc39d,0.0076276453859503894
ck_74c3c3452e4e7cce,0.0017746846432668648
ck_5986119e7d81e831,0.01832408669027104
ck_98d2f9a6ba3a3077,0.9492644880390471
ck_586001d3ed9e7fbc,0.001657745762145949
ck_03be334935e999a2,0.011220990637285901
ck_9a43c0c73a39d759,0.022003326664660795
ck_a1c7cf63467df4c2,0.003285015613944792
ck_ad48826c1c26eb78,0.8998088930626307
ck_985c9ca112000e9a,0.014849746731134532
ck_aa06ed358e43db69,0.061368684428471224
ck_d21612d48bb4f7b8,0.009680951186063968
ck_9a9e3dac79280d7f,0.02959010554439507
ck_8250eddc1ecb07a0,0.022058662468410747
ck_d6f27eacbad310f4,0.012724279144049775
ck_27d69ff4e0cb428c,0.029485102688695995
ck_5e5461dac83531ac,0.005540677131298367
ck_d1bb8890081e0a31,0.06716711131778924
ck_cef2a485a77e0723,0.0023602735907992554
ck_3e24b026bc66789b,0.0029630898005252905
ck_8105bcf69a75ee47,0.0053925420637201925
ck_6494f0ef13ce44d9,0.015032547507581342
ck_a4a7ef3ad799c380,0.003469640119410541
ck_a48ec0c00ae20e82,0.020658459005340087
ck_4717f24f2c6f40e1,0.006063950613074432
ck_54748ae0f2daaf10,0.03247063232532108
ck_ebd0a45712dcf07a,0.012899346809315353
ck_998475a2e4dfad4e,0.005917332855196118
ck_99c0a41ac9c73857,0.00309506909331415
ck_ca24bb0de508efb0,0.007798952687948681
ck_f2b8995fe5402759,0.0009391203224932288
ck_d37d56e931105db0,0.003504176036319919
ck_e66ae4fd586fedea,0.002659358993949148
ck_c1e7d1021ae58f00,0.0013349456222389612
ck_687ab5d5554bfa79,0.014060934407399226
ck_8f8e5e2b9dfec3d1,0.11252021890557141
ck_537cc97d0398c922,0.04401327706314505
ck_56b389627d8f02c5,0.9859343313311402
ck_48a6754977a44db0,0.005654153310294804
ck_074f20921189e7d6,0.0039817280767872835
ck_f22aacaf86a65d7e,0.033491997737163465
ck_828eef2334e17b3a,0.017370387397985756
ck_dd8edfefa1eba531,0.000828148801020783
ck_66cd34bc568d95e0,0.023169580705961534
ck_c95c786d2f8b8edc,0.008566491529308426
ck_bce5b7fecfb6264d,0.10108548176675965
ck_d32fbbfe32c00416,0.005500809537963999
ck_bab5759b07fe2bea,0.0023681897431933902
ck_c55afc68421d85e2,0.004333636297902145
ck_dca0b6ca93311ca2,0.005980605509638776
ck_e0571312f395cd94,0.014404435253891124
ck_fd038a7d33a9d6e5,0.0017432400819873918
ck_ce66831f6611014c,0.009411443751877187
ck_09fab6b9825001b2,0.0024823310240816836
ck_80b50fad7f255e1d,0.001793069021190711
ck_2a97db9377d01e36,0.004932200448930291
ck_9e5b7acf51b1b743,0.021429506659819027
ck_5468fa99c945d785,0.009608858957563287
ck_556786868599143b,0.013814106249836419
ck_a6d4f998dadc90c2,0.7637077943403623
ck_4d2159603045109e,0.008023687917310979
ck_a9ca2f447b984a6a,0.022209361744571134
ck_cd553ba6589d8bfd,0.012589446787006511
ck_830b2c5d1818ac07,0.01898411069585316
ck_80eb91b0b4001084,0.06813835990996554
ck_730226c2d216cacc,0.005585856959678125
ck_f07e27d125497b66,0.06755144476042155
ck_b68199ecccf2350c,0.001225708991665329
ck_15dd3ecaa8ce0245,0.9000736307921361
ck_6dac66c8198c07d8,0.012391308561576858
ck_6b817117d87063a8,0.011788738743020331
ck_589109a188adc2c1,0.004416172337888911
ck_bb76609b79e0bc9f,0.004522428665935963
ck_f0cbd5383bb07778,0.019688781660436517
ck_02b9f418524f6650,0.016366206770054948
ck_4e9a6f06ab134102,0.016725722518602965
ck_7334a9ec656263b2,0.0033391386304542723
ck_f80af368cfc6cb7e,0.005556669655336069
ck_d74b2ead8aaa3f73,0.017801066367639926
ck_1dd69a11daa7bf1a,0.012011025804288346
ck_7509eb97c1948b16,0.004719775593250795
ck_a406bf11e48cf8c5,0.0382451479806606
ck_d1e3de178601d3c2,0.04612083053216333
ck_71044c29ef071570,0.013295806618633171
ck_a1c88c0568f142d0,0.09833286709385972
ck_dfc6f5712d8d6678,0.12245038824742821
ck_9c56114f84e9a541,0.010444592699285823
ck_d7c28eaa05bb7144,0.022788949565609746
ck_3a30132a57181fe3,0.019668073296169954
ck_48d0fc4f6a2109fa,0.9905333080012124
ck_c0389ebeb0e65cb8,0.002234378129513369
ck_b4c014d5c0cc9eb2,0.003343515037522804
ck_a4258806a533efa9,0.011383932735403949
ck_363751deae40edfb,0.10292047281349964
ck_c1295d97cdf35ec2,0.007284124980279357
ck_648c03f9aa4e45f1,0.003299627250742728
ck_65ed7e72f24731e7,0.002335517030269564
ck_633e6579f5c74a5c,0.9292284406848121
ck_45cd5ef6b359e9b4,0.0086805052064423
ck_2e679af24adedac8,0.002298664594458459
ck_9e962f9bb0e7bac2,0.006786345534717049
ck_bef3193f124fca5c,0.14790402639103337
ck_a907fa8795cd4baf,0.0017513856828797931
ck_f280d31f54a4710a,0.014860186808953605
ck_8c582eb0f6c0148c,0.005580437139984976
ck_4807726e797fb893,0.009734496334516804
ck_b3263e7f31aab45f,0.02090822931492904
ck_3fb9813849e51837,0.008464654497259888
ck_eefcf0ed15897898,0.022401526226741367
ck_bc996c523944644b,0.021483823735425102
ck_74b848064f2ff45d,0.0050900768359567845
ck_5f9e34c849704b95,0.001038295524620446
ck_fc7a9d0643570053,0.0012940314478118475
ck_f437a53fc832ec95,0.8930278099001562
ck_56e6cfa32156a916,0.0009306259801576864
ck_2e1b46c5fc56b863,0.11442132325788221
ck_1af2c0b3b8d202c1,0.008599468501164748
ck_27b07021500ee841,0.0056155108928740045
ck_148cb0c723284dc0,0.006633670864442458
ck_70b9274473bd6dfe,0.002683593214020184
ck_fca7cc9c42695453,0.0013389722919396295
ck_8d9518f64b222416,0.0038983918841443343
ck_f1e1c8491f16f912,0.022367153264757363
ck_d36733da917115a6,0.010906056033610664
ck_a4691b57f837d88e,0.010242669627487102
ck_e738e920bbd74a7d,0.01925002207256823
ck_6d26a152f900fee8,0.0056294403626298345
ck_630c835243c66b19,0.9715994175750691
ck_e88e86b19cada4aa,0.019552621880494246
ck_15918075563eb074,0.0029909250616839563
ck_9439bff87e616d4a,0.006113196808668989
ck_993beb188dd4abb6,0.004783886571119195
ck_dff090f03ca5529e,0.002522819060218501
ck_3baae40454c00938,0.007460056507723779
ck_6ab83f45bf16eaa6,0.0024585060035442925
ck_77fa39d3b733c226,0.35250826612994934
ck_daefe1e2d2bc362d,0.0030224923374058705
ck_f01e94331067edf6,0.007522388717062347
ck_773efe58c6278c3c,0.020788638688440192
ck_f7a7f8f5903617c5,0.008529540040237208
ck_fe037765aa465c58,0.010018417274348363
ck_29f3a1737a2d9634,0.029643335837776827
ck_7825494e654d5695,0.01636420801034482
ck_325c7643cce02da3,0.0193988731228895
ck_01e0689157fe9617,0.6538243096961122
ck_7bbe1dc8add17ef0,0.012287160138125449
ck_e0ca2c819658f6b6,0.9642895474811859
ck_2d14bcd2e0fc043d,0.008296862226613601
ck_fac32d76ed40f683,0.013963409795674408
ck_50df50af592b0c06,0.010058205174751594
ck_23981a3261674131,0.011796950858180014
ck_3a4811dc4a1a891d,0.0035922345255007438
ck_4874bdec79f9106c,0.014399820060835775
ck_fd84507228467b40,0.04837088893604903
ck_6a17384072f904c0,0.007883999787250849
ck_74991a9e85c3b07d,0.007622474989817218
ck_520ec32c4f253604,0.016036609703700137
ck_ed01be7504dc4187,0.02232599472639529
ck_c6fdb2972417c9bd,0.008614283843589733
ck_74a06f347b32347f,0.008011230446337376
ck_1e7de58822000dea,0.008164971491221551
ck_cbe716f351d660d4,0.0072414282629327306
ck_7560f1891d66f294,0.0026348768330772356
ck_45f4c821c70d134f,0.3272170168686885
ck_b1ff9edc51d42f97,0.006486427278146666
ck_114141d85256c9ff,0.001386064039486735
ck_d0e95b90ba86da10,0.007196206775420535
ck_252b0a0f1119b220,0.0013777363221710594
ck_28dc0fdbaec00580,0.13654435423350453
ck_650020c500b1b50d,0.024103188528805195
ck_e77529651c416cf7,0.02273202283785372
ck_f0982bbdbd122f91,0.009690929484105295
ck_f439f16f8693883f,0.007678491369513141
ck_e30cb64302939f38,0.034994139792558554
ck_873ceb8004d3a9f7,0.05699266139223823
ck_db6d1c6d31da967a,0.0016303726216476465
ck_8e7a32f7e3905f4e,0.0099007331754172
ck_2c91f62c05685ed7,0.0031774178532069037
ck_7f79878197340435,0.004387354995427851
ck_23ff85f9d2355e8d,0.024078691883111125
ck_b138fc249e659e60,0.007199100305694561
ck_b911a09f328dfd4b,0.00263698650752354
ck_a2858979dd5645ef,0.0031498660018733785
ck_f1f2c3c623553f0d,0.0012774598639487798
ck_30f4b2ee8abe1342,0.026348404762273365
ck_6e8751b571ea54d1,0.01674116687875396
ck_e901dec0e09eccbb,0.002772411506854608
ck_10495d3a635b8d69,0.03401292051556245
ck_4f5d7985bcc2eda4,0.002111975679853351
ck_7df526b2b4410bb4,0.021122992677676738
ck_4e1757d1347ab387,0.9914530013613825
ck_79b8523137bb2603,0.041088154986541114
ck_891530b489ce402b,0.002213141727986972
ck_41b954c7a948c060,0.0022466316559784085
ck_59a561f3df01441a,0.37106201581497866
ck_96e4d38ef670eaff,0.02806316534622412
ck_eef67f8dea702338,0.016324038496605422
ck_73e24f5a8da289b3,0.03150266165661303
ck_52cc2fd5095b169d,0.015356623443027177
ck_dbb498b1a346a402,0.0025023059748994496
ck_f253130dc3ca5b3c,0.001127289900571988
ck_942dbf632591b65d,0.04475646637429626
ck_ab4a8d02ec3c0fd7,0.0014646499808299925
ck_7f780f465c29398e,0.004665688535943979
ck_adf84b9df54c3d80,0.013065049496784421
ck_1b1df006b81d38ba,0.0033095491295235153
ck_3be72c9c178fa00d,0.047478747564180857
ck_ee387f9da79e67ea,0.03437246664479155
ck_731869a0c39cb2fe,0.0050840848328761795
ck_f2b0e7a47f442557,0.8888287885504103
ck_4bc42878fa180991,0.021932820843313543
ck_5f3609511443e5a8,0.001955365272932034
ck_b354003302b272ca,0.006284812481866493
ck_1c771a7c78f6622c,0.041736914235426865
ck_466dc6274fecd708,0.008572114170233503
ck_89c74feeaffa7d09,0.0025111177652483024
ck_1ccdc69d0bb712b4,0.007649452573913992
ck_b22e3337b8e3dbb2,0.008665754866595324
ck_79c7f0d29b1db1cd,0.12122781112382047
ck_84df6770549e43fa,0.0037252757498748763
ck_3c6417a233c68c73,0.017500656521788668
ck_f7485cba392bc294,0.4415345424092369
ck_46bfb2cfc29a6d2e,0.00490796261040774
ck_e4cf189a8d31649a,0.0010768845850139173
ck_770475876d0e7e6a,0.004484821813645578
ck_c2b61a98d1c8f6dd,0.8044278575070993
ck_8ae64df60ab6ccda,0.02186405668188566
ck_507e40760a24d2d5,0.011066619917399963
ck_a1e77090b1c6ccf4,0.002509128343288627
ck_09aadb4c41b166f1,0.01556947378437751
ck_604c17cb97dc89be,0.025179454723366666
ck_8d94fbb4828ef326,0.0030908992617033238
ck_17c0a6a92b5765cf,0.005215362414832263
ck_ac79c72a8fe3fdef,0.017174417074319655
ck_b8cc2df5192bc49b,0.011135648879267589
ck_3132857aec8485bc,0.0012454929321949091
ck_b6cb8d6ae828eed1,0.014683352694903725
ck_2f82ea66c4f53b33,0.05052543122670711
ck_1de43fd6c6c22a5f,0.052728892402020826
ck_0348cc6908f7f3af,0.0014306063137279812
ck_6e676daa4855b58f,0.0626751542930919
ck_2a37fef48b44e9c8,0.008140460754416651
ck_bfc2a57d8fd1610c,0.6808103788643493
ck_c1c7d4e62c9fcded,0.06681162456240991
ck_36e72ef9273e7a95,0.0066415218767173385
ck_ebd178b3f3a9c50c,0.013879465409512745
ck_c89b9ca398402f1e,0.002360279637564954
ck_bba413492dc46f2a,0.023101495184723105
ck_e971faae8a10a260,0.0018797858183589463
ck_7e6569a1b2455cb0,0.0011068104791027746
ck_744ffc11d32b96bc,0.005293075420505564
ck_435cb24538c6f77c,0.05498213313278139
ck_411219470d0a195c,0.009130124393598343
ck_6f730b77dc6cdb84,0.006255836033204834
ck_aa4ba931dd37481d,0.0015507692601823713
ck_aa59702537557ff1,0.008950199004813895
ck_c58d9151834f5bad,0.010804449832705457
ck_3a0e0200cbb185cb,0.0076766604942711415
ck_c98b16f9a72a6568,0.0012190661165275385
ck_e5cdbfcca2456652,0.0023276779831293845
ck_ff45764ea7d6619f,0.007209987698329735
ck_6ec39903f765956d,0.010812007954000781
ck_9e17699baa83d173,0.002046642173469595
ck_1fc98436281ee39e,0.0011209742299434092
ck_76ebeb5aee42f041,0.018900363101630055
ck_562320295fa35875,0.0010807337610389824
ck_84c402b23766e1f2,0.01195137640923063
ck_8d0532d24f1070d1,0.0014894319888728157
ck_32a495128395fde5,0.0024200948824822806
ck_f067470743d3c7a2,0.05735563617409005
ck_28dde633692904b0,0.15348240147934233
ck_e61c8721e3ef1921,0.0031664753060361124
ck_4e333c09f0c37dee,0.006622649651525082
ck_3d58628d1c853c8a,0.0029198796112042454
ck_3265442528d51728,0.10511284914096647
ck_cb1c00c300af3f9e,0.014684695301350926
ck_7ae86b5a885affc3,0.015174792086287688
ck_a50370907e6b397c,0.014597286346316879
ck_df87d6f61a63eb21,0.0031737480397236056
ck_85bf21aa1a00452f,0.004979918358891963
ck_b9f1465d803e57b2,0.05674853302133567
ck_91c2a5fe69b9b1d1,0.006389847277164119
ck_f3199fbe84a28b9a,0.01735243778799784
ck_ec3eb6dd0967cac5,0.06072195698353279
ck_5124a2e415384945,0.04050571289596447
ck_073509af21dd7f5f,0.8539913112717363
ck_617b65141f546a1c,0.0022983148605658235
ck_fa4b60387d744fc5,0.001291251282491741
ck_98068c397d70dd3a,0.012382094919182934
ck_aed2681e1646a0df,0.04773098913495971
ck_e98429675b46272b,0.001041550158395125
ck_b25657bd16739036,0.00975909949198628
ck_75217ee144b715f8,0.07428057238241488
ck_b359192aa659bdce,0.00926565623199654
ck_82181b935360dcbc,0.9913549035555789
ck_52c0ef68aa2fb8cf,0.018274521541168702
ck_06f042e9b1b662fd,0.03202457960007197
ck_c0b5cc3e8ad2ff44,0.00621939764103608
ck_368b968b5f33431e,0.0016706559160425283
ck_6e44024e9de301c6,0.0009153096468021251
ck_f5e02a3432571b20,0.046225726436187636
ck_bed0c020b10afa3b,0.01817221000777787
ck_7e63168dda612235,0.12273266687964982
ck_4c25570eb72711b8,0.001854358369098456
ck_58955542edee1adc,0.0021163315090983147
ck_06d0e4a9189302a9,0.0414803312120623
ck_f1b80b821a20186d,0.020538179322457738
ck_b5c93e6d34f8d366,0.0015933424698199126
ck_69587a134d43a4ad,0.10581630690408397
ck_70a932ab39d86a24,0.0006911183092763139
ck_96100d5e8e051e91,0.004588307323638145
ck_b26e4ae47c9107ed,0.814195836020883
ck_492e4b89c61b7b6c,0.007390143431860281
ck_36d78ff3bc033ee5,0.013214850252923911
ck_9c9884b9bcaa552e,0.1258764773228511
ck_cfb11a0a2325bff5,0.0039730337615399135
ck_598e036a28262aeb,0.0401120230546654
ck_8176616132458c0f,0.009044962140975766
ck_4becdd3d2696c7ba,0.0022859525336630356
ck_7333cedb61506ead,0.009671155986467108
ck_a69ca7b9d70972bb,0.007367652943886554
ck_e032068be7b77d15,0.02034441706611916
ck_02ec4e06709e6b82,0.00136289166435753
ck_13cd943777651aac,0.012581455598232528
ck_29640fc2fe81c251,0.7123583536349025
ck_00d1ebc31ec4653c,0.13276190745204697
ck_7c872c99481c1e9e,0.011795042432660174
ck_b1dba768dbe7affe,0.036827747061953055
ck_7c3a6a82f3c3241d,0.003897112650277036
ck_c924f36bc1bbbaa3,0.013576249350852634
ck_0a2b7078736b4dda,0.034273393820592024
ck_5b5dea6476d4e182,0.028382018986725408
ck_f271e855925e8d6b,0.05839996556882282
ck_97a8dac48dd62488,0.1373882406364751
ck_63133a79f23e2627,0.020918542765811825
ck_9b5ec0f78e160e65,0.0019482186027654305
ck_7264486eb512d84a,0.005445441945980523
ck_a50621b5eeca84b4,0.0012964982165155053
ck_901d820e0b72abae,0.006199835528711286
ck_9d1a5cf5a3b87e48,0.010391435609217878
ck_e291cc60920456d0,0.5652460397665783
ck_755010362a9b1bc4,0.015117242882933776
ck_8285bd3c90af94f6,0.008936458020830398
ck_a60388296a47062c,0.011889951871018883
ck_d3d5b2717cfc3913,0.020163001317309803
ck_18d214b1418be39d,0.0035979015894239833
ck_6d64e1c07b19856e,0.010298564865945001
ck_0a993bc947bab61f,0.1547415476643477
ck_7501ebbf4e21f160,0.010721753826036443
ck_cba4162ef29a6d27,0.012914062551508315
ck_26bd0f8898afc8ba,0.0013641937901564829
ck_0a0cd7f4be606a93,0.03897332215079831
ck_f2c7a4c50e2ede96,0.026114668037673674
ck_50d0bb7edd8c69c0,0.028522612187944985
ck_5791f8f76a629a4f,0.07585082910451763
ck_0bf35dcf7b38f650,0.001071055538607917
ck_646dc03de4c31803,0.8845473204100069
ck_d4007b5b26d9d854,0.0026217238885447814
ck_943f66f28dd24750,0.001453770126979715
ck_984dd7452aee372d,0.025571055055561086
ck_ecaa6de0aca5e9a0,0.005893132884812227
ck_2225b555aa2a42ed,0.024777841524035005
ck_f11f7691af16ad07,0.0009471878693793176
ck_57849e15b61c43b4,0.002073095691960998
ck_e6b95ff91116a592,0.010872779885072896
ck_184983177b73dea5,0.013840289286600192
ck_3bd12d468fdc2450,0.008613554883393234
ck_08c7bb0f9851cb76,0.11283907304523991
ck_779581adb573261f,0.012608600866941051
ck_02d4cef6358ad3b7,0.002283057284146424
ck_a60a61ac829252a0,0.006009151480068597
ck_942b95988a6245a6,0.0997481433774643
ck_6ea70950c1cae00b,0.913177481071412
ck_f823407ace7ff064,0.05547410322176157
ck_7c418947124dee8f,0.039978836243480496
ck_bb0713a2a1d65982,0.007909220494758817
ck_a85182ad90b6f1e1,0.0009496394669779688
ck_e267999226b6321b,0.0009974070890605305
ck_4ba8bec14c2217e1,0.008753592092655997
ck_174be2231c5fd2b6,0.0013239944158123745
ck_610815786d729d2f,0.0036092382400593273
ck_e9b75ed7567a3f23,0.010729129568308038
ck_7c5529bcc079600b,0.018254910143056254
ck_5d16e257c0635f7e,0.8204969670781594
ck_c830f3830875b47a,0.007723706426168368
ck_2caf553b31831a50,0.004658837277493551
ck_90696b7182dd9129,0.008554631535987024
ck_38e4a74ab256e2eb,0.008173907516673306
ck_cdcf6671b37c9c92,0.014565937343846182
ck_f0c18cb9f951a71e,0.013808112733913011
ck_d61d97b21002f3e9,0.06584341742316613
ck_cd09375e6c81d2c4,0.014987274591487751
ck_a79a27767a02e31f,0.03348353649731047
ck_0943e0f305078e34,0.9825834532873468
ck_fe3b67041dad2dd1,0.0015072302161824227
ck_3420f2fd520890f3,0.019617588896702797
ck_3e91dcc209431984,0.0654824210622286
ck_e4d6dedd97233c07,0.008145723726721595
ck_19db0bf788697c2b,0.004920733205867845
ck_4221e07b17388fd3,0.017493478413757025
ck_5e8e857b63966609,0.10407144706864348
ck_c8806749e263f70b,0.0011829856364980206
ck_233a487d31c3e631,0.9821138294093079
ck_e2a2ce9b8cf44c63,0.007389696744894557
ck_e6c8611c0cf233d7,0.0019029363627110145
ck_4fecb87eaffd5cb5,0.006225697605439123
ck_f91d48c40337d375,0.004185475934536345
ck_79c30169c71b8033,0.8741114944290931
ck_b0ed11080076e381,0.002365990639762631
ck_bd2545c62f258231,0.02141231038112574
ck_d69de468b44143ca,0.0036907386412464204
ck_55fc62a5f89a7251,0.009844865748051549
ck_c16ab1e4dafb4910,0.06982671800840293
ck_069d158665a53909,0.009494073421034503
ck_ee4ff3aeadf912c1,0.0029581202961021557
ck_ecb1e15f0b185ceb,0.043833548161238606
ck_e76db7d2562f9836,0.009544362827520029
ck_d1d079913aa158bf,0.004149905390090745
ck_2cb763a881aee27f,0.0024105557632296765
ck_19becd44f2c3d2b5,0.005404423230796068
ck_5e20953547ba4135,0.252633041074697
ck_f04761b4a937ac3b,0.007521583100000383
ck_7d0fe77dd5ddb656,0.028285494421881087
ck_78f01d78ea79642f,0.009741274540203486
ck_ad54292a0b2f44ef,0.00971853900990533
ck_66bed631354de5b7,0.007413339584086073
ck_417090dbffb1a63c,0.0067197312057366365
ck_d0935b571a4a3868,0.02045933661512693
ck_dd0e17605f970319,0.005491192491400224
ck_2dc31db181150e20,0.010970964128908932
ck_b568ba3837afb39a,0.0010810115906335295
ck_8de69cd219d3b87f,0.818860353875082
ck_3d4913a86f207fee,0.058358179620267375
ck_ee949c71f4f702eb,0.9653670050253391
ck_01645ea51972e99a,0.030176620303356
ck_a60c618b7f0e4252,0.003384194895128261
ck_3837ad850996ba60,0.011374058182899239
ck_a524071c51ddde20,0.008213697988191214
ck_0af57ebaa45877a1,0.005799522918015933
ck_a7cf6c3b322f6b7a,0.003907551954916586
ck_ce0ec41f96951048,0.0385243077764202
ck_5c3a671883d58b3f,0.0011082447122660562
ck_7905fe8e257b0449,0.09118412161252575
ck_da6d1e5cf6aba6fd,0.005011101595533402
ck_6b67fe8e310ab865,0.010347542658826304
ck_cbaf8a954281d4e3,0.967921313747915
ck_ed26d906883bea0a,0.0070306597617685405
ck_b621b6ffcc7f4848,0.0016612646149847814
ck_ef6f8e048ae1bd4b,0.005982598648657416
ck_2a09d142de1c77ff,0.009829493719703231
ck_c340644176ca03e7,0.006329686970013234
ck_bea2cf7a6b7bb900,0.004413814352847972
ck_1f136a4476b5e775,0.010359428224913751
ck_3759939a0205306d,0.004916005714388235
ck_ee13c091bc379188,0.009910738723445164
ck_d58e058b5c553dd5,0.005799279875731934
ck_396e9ea9a6c6d7d9,0.006245902774392702
ck_402db4184982fdf5,0.0063096587016014455
ck_a037aff5f8128c73,0.008546533759223419
ck_8f6cce9f69912983,0.009019533966297242
ck_8758fc6622bbb7df,0.020211141062290574
ck_6ca018259f70858f,0.0035613256417580397
ck_63379e3c9fe6f711,0.03970686546871844
ck_5aadd286d188f5c3,0.0054893401719225375
ck_e69d27e8965df0be,0.003403281239862462
ck_c67f7944896a0310,0.05635260355522588
ck_565e3418d2f4061c,0.00896845632038978
ck_58eb871e8d7bed52,0.04093182373085066
ck_d5f5b0dc97b9dc27,0.006506184679551748
ck_87abe9cd066a20fb,0.006203677082119358
ck_ff7e31ff8ba731e5,0.006803457085702401
ck_f73273e220296be8,0.013965164969128798
ck_73f4eb09af29b1c0,0.015482396068704354
ck_49dd816b31fba6b6,0.4098739998706302
ck_bdd2da300b530c5a,0.007305747816294566
ck_8a4952de8a123ef8,0.005549400880725939
ck_49170c4b31a20f5c,0.0011445883890302897
ck_2b7cadbc8b180d32,0.6312204798898353
ck_eb1006e7285184a6,0.08388726822724947
ck_646d8d0834782d6a,0.14942037479985817
ck_1b823610371a29c0,0.0068126980521758355
ck_8dde670a735d1e90,0.038494108878836995
ck_37899b1b571b1c6b,0.005696904134066569
ck_82a8bdd2692c2a5e,0.0021798077224640974
ck_5c67f27816ae0b6f,0.01470786338554421
ck_fb6e06ca88519dcd,0.010708035857563704
ck_f2c33d5b65b321db,0.016185408239833075
ck_ca1f6f01868e978f,0.0076998042716540805
ck_22bfb9246646eb41,0.8374105798282458
ck_7cd9f39c50748ed0,0.00797238302718058
ck_62fd7eb46bee9210,0.008837957052921237
ck_c3c19d6a0720915c,0.0015794656234959371
ck_7cd0634a6e60af83,0.01426408061072672
ck_2733fc6ba23ae46e,0.00958127357420104
ck_82f3f744209888ac,0.03731840543473394
ck_66eb09be007f0755,0.013102657817316008
ck_7f8e816ca51755e3,0.858157301768055
ck_4185506d12cf9fa0,0.0009909648250435684
ck_2659d1d3762a2825,0.0060898576573808465
ck_df4424f6dd85080d,0.01996797953877679
ck_5e9e149a3b69c726,0.010621485268738814
ck_8288f7f226e08b89,0.009786540111195568
ck_a7285955e2852686,0.018835597409793303
ck_d099fca88691f66f,0.03029125489839013
ck_166bd1dcbaf4d6fa,0.0010983773116550095
ck_fa5830d81bc8ddc1,0.0015197031578034498
ck_18e2076397bcc211,0.04580062275065877
ck_f7285b92648c1c81,0.0023000457615560575
ck_ff42557857ae3aeb,0.0017362485259172938
ck_7956c251b85f009e,0.795837265322504
ck_c2d3ecd7278eba2c,0.0038080469959144788
ck_fa00aa0f3e859904,0.01066196612715339
ck_0063d2a9507467e5,0.004876538538534456
ck_26e9a7bb2061a58e,0.62451371618764
ck_d7607a213b800bfb,0.04456444031478647
ck_266ce7ccf41ccc50,0.006015057871845617
ck_8e16a64a776afa82,0.3185533142375025
ck_f7fc1bd0b9ab1fa4,0.02072619785603259
ck_a4fa8833995c716a,0.001411136936433048
ck_ab640420858ab5c4,0.053969746328601326
ck_5923f53b77193a58,0.04741884993176672
ck_d1bbfd246c0ac9d5,0.011172384396423003
ck_e007aedbf37d6ec7,0.008379525098608571
ck_9645e7adc08631b5,0.012234487811872424
ck_57bbb19eecb4b87c,0.0031895468636883367
ck_96953b8945b7d403,0.02052474056279666
ck_1078b1e155b5b640,0.009679370108601329
ck_ee53ce862bc9c111,0.012287419523057737
ck_ba6e1115fceaa067,0.007647797495038378
ck_78181f8e998e442f,0.001483804233149454
ck_016e8c8eaf9d511b,0.026824828616973204
ck_e2aa7be60794593d,0.035212022299351706
ck_ae8e5dc4b725bc25,0.06258900436451545
ck_fc7935f784a4f249,0.003840420350905706
ck_05d44eb1f5f085ce,0.02258955921929262
ck_49886ff1e2c759d6,0.038408834158359675
ck_d87ab3261322216a,0.0025660157167513398
ck_0ac9848bd4ba0c14,0.0014984031907647017
ck_d115ac6b9fd62a7e,0.0034702599290114735
ck_bdcf049c1e7d0c95,0.00498553544524356
ck_7743c9fe037d1f9e,0.0022661220598509386
ck_37143d9cc296e6fa,0.023212494931822904
ck_2f138fce1171e277,0.006613529997886947
ck_61fa051192f3e810,0.01580576880126892
ck_417a3500b2c717b3,0.014001341365561259
ck_9473ea4a01c95f9a,0.04446351886091037
ck_de5eaa2cdbcb67ff,0.07106392376060701
ck_986e4e61440506d0,0.6537134877150594
ck_d3877e1f907cc148,0.011351082818065556
ck_2468a7e9e68a0927,0.00460841493408762
ck_c3ff6790cc6d7e34,0.0048077100670105045
ck_bd85f30c36f5998d,0.04427794131357892
ck_90bf017cdd37b66e,0.04435847981222748
ck_448456f96788713b,0.06680767920291013
ck_455672e652fe1abc,0.9242890962480044
ck_142dba210ed2f3b5,0.019306529349056998
ck_895bb39d24bc1c4c,0.002480471437306063
ck_21ed2ea6386c5a07,0.0016433884822619296
ck_61c74163eb36556e,0.018664996038215295
ck_7e2ae8b69ebd5675,0.010677121988358726
ck_9b71274ff83de482,0.9450252254503205
ck_748af92828c9d288,0.004495808288902334
ck_6276ece8f80ea799,0.010821464901477784
ck_f4a6a7cadd6e0603,0.05143734482968379
ck_33ad8d53394ba77a,0.8777040047423798
ck_f65e5ff7da565f91,0.001980089334168893
ck_49969a9abc47cb69,0.005669071050526114
ck_f1e0a006068aff29,0.025209948142636787
ck_72b86e4485da2d0f,0.9843207595248039
ck_0789ff4562202b20,0.007580354535317238
ck_bff090cb4ab76b9f,0.003900149502263126
ck_15de11438732bb05,0.006630387179702249
ck_9c9287cb28950eb6,0.014338009254174052
ck_d11d27de7bf0b973,0.3814513179816784
ck_7f08078908599bd2,0.055680417387276374
ck_c1d1a625b885a975,0.02305153066162462
ck_2987eab34ca7805d,0.018495613654376627
ck_c2ed04a9d218410b,0.014872407749810666
ck_73d3e8c6077f61e6,0.05926496612184143
ck_9a15fdefc47e8d11,0.005352047745686539
ck_f738b633b8862d18,0.001037876360533366
ck_56eed7041add49a1,0.2906135695806871
ck_3fe86b6331ff95e3,0.0880935691276396
ck_34a69b3b4a681796,0.09929866712561103
ck_97d04a67a104af39,0.016251062557737624
ck_833a65b86a5d9bda,0.0016806986409410953
ck_34dfb57e5bf31d2f,0.020192795044256057
ck_ba7e347251ea399b,0.009718443327679483
ck_31d4c0518e5f52c6,0.0039011354343631414
ck_6f04d047d1dde75e,0.0020433528699198194
ck_82b5b79ce3517102,0.958658376727179
ck_80dfa54b30f65fff,0.8943927689478259
ck_3d7b1078e2d57c69,0.0032962330740419644
ck_dae09c4e074af5dd,0.008426824479420331
ck_4ceb43ccd0a81c2f,0.006110401784450738
ck_0cff8153881875ba,0.00978324042329548
ck_439cf7d51ec7de0f,0.009525046866058992
ck_165a868bdef28ad3,0.01792577514841663
ck_3174419a81e7caf2,0.004930742782290054
ck_0c3dd22587b08018,0.12857750536660584
ck_88774ae52e30e877,0.02276637537094058
ck_c24f61925dc158d5,0.09242912783104712
ck_c543d82e22b3c8a5,0.0015504011573209359
ck_c78c096ca8cb33ac,0.00198370795889973
ck_385188ab27784fe3,0.039470059648186624
ck_9947a323bab5cacd,0.05909075591552114
ck_86d7127391d4e01f,0.0014288253570546613
ck_a1484e6215fac651,0.9352776152159379
ck_d4fd0e438c97e0c7,0.018026689579554934
ck_ac7fe1c344190c50,0.01299916156733947
ck_e7a6b925c8f39a85,0.005680250592370917
ck_38ee42f15a573e81,0.06991442073181738
ck_01fbafc42c8e33f5,0.004875776343315761
ck_d3137f0f7629040b,0.0070870751413257965
ck_73a7794b659d7a34,0.001576953091384315
ck_c86520a00e50a926,0.05320688826037123
ck_7f6fa79c7a107161,0.007803699687183716
ck_643abfbd7548d0c9,0.009740533238000209
ck_1b0434f096795328,0.002529476362919303
ck_e527fbb9450a4581,0.9079910787106742
ck_35bee1fc12664644,0.05543643099218602
ck_9e21ea33018ce538,0.012908658954712647
ck_0b34197335ba3341,0.006927410413352662
ck_a432b1bf1d3b3d5e,0.11926841698399396
ck_35c93b2924900376,0.008114271732849246
ck_6430a8792f400e0a,0.002367232667984793
ck_7ef666d67bc70223,0.012771161776999778
ck_a3acf4b986afa98b,0.5846467537817651
ck_5d1e25d7acc5af9a,0.01568353111689071
ck_d3885e286b3b11d2,0.030835882819673845
ck_e7f61b4a39ba98ac,0.0025203564506784595
ck_c9690baddfc4177e,0.0021124974352638975
ck_59fae092fb0c4aa3,0.01585501136948728
ck_11960b5f1c7a5e2c,0.0032997242152034796
ck_4b9dd69946438d0b,0.006546332379492006
ck_a2cc3910a641a808,0.8274351792099683
ck_018f780215ecaf38,0.0108897577717524
ck_baba5d66def0d770,0.07301583228960681
ck_cb1bd7635968ed8c,0.13797962236408268
ck_5a17c89219d1d9fe,0.011658379040167229
ck_3efb0e9bf25612c7,0.002318775206010552
ck_66f94903177f20eb,0.003958430575851655
ck_295565fbf77ef885,0.0037580767083525675
ck_0fb3153d37626b75,0.0012580463364805328
ck_25fc3010e8a0f6d7,0.0022851624300268586
ck_879cc3166fe1bada,0.0009242673160590399
ck_a5e036327d3d1862,0.001537180148889727
ck_1694c28f44480e98,0.003982005663768859
ck_c6cb651149dc9a8a,0.0027009218187805106
ck_c5b583490198672d,0.00794442723193024
ck_1b96d9af0d7da2d5,0.005011596034197471
ck_0a8029e79a5ae7ce,0.031045816151743413
ck_c77e22834ef97005,0.8083003396336471
ck_d8ddf5e99f7859e4,0.025520298846175925
ck_91742711dfdffd56,0.020553715086266126
ck_95b894380ad2702a,0.25494635000697446
ck_277621473369614f,0.9936749518568986
ck_5cb9d7b2329d5ab6,0.029743002889161277
ck_67025c64588abd1e,0.003738337495351146
ck_fef850553862aaca,0.0024485957924149544
ck_7929284327667791,0.04017400251490198
ck_319b059bb2145586,0.018325531086153174
ck_c190c7b924edba75,0.07962059579821022
ck_57b657aba4daffde,0.09410268210810813
ck_55d7217b0aff9fa2,0.0038630256903190714
ck_1dade5592f90a15c,0.0467108318934391
ck_8f346b72fb40bf14,0.00650004365629322
ck_cfadd21458230ef7,0.010176196316418685
ck_793048d11fb8b328,0.1755144877972715
ck_70b9b79ea1aacba8,0.029333923073785195
ck_c54c5d8e4433b0f2,0.0028415544678310417
ck_50422466f145bfd7,0.002134819735405165
ck_a3564236069e3524,0.27103215447035683
ck_ef059997563e3330,0.009512968606108835
ck_e14892e424180549,0.001402672189543098
ck_9f5f81d771146aa1,0.001752607470912115
ck_3a469039a5b9d963,0.00743215768046471
ck_63601a58a6120d8a,0.012104213172847817
ck_9323e6fc1e168eda,0.8926702573907486
ck_bed8a480e27e911e,0.018822152914488282
ck_ddd6625c5eddad70,0.002111064730806591
ck_5d22e9ca1d15180b,0.6854575674355342
ck_cf36d8b070ded782,0.008563972507650494
ck_fd5609bd23a1eaf8,0.006184495989523405
ck_1982d571cd36eb0c,0.016698440045596577
ck_c021495606b4735e,0.009049852304893715
ck_1fc03ba33edd9e67,0.02656799587445503
ck_67e075c982add719,0.007109766132339174
ck_9040edd974ef8e3f,0.6430388764569996
ck_c3fe0c6c5e1f40f6,0.002285741718069095
ck_767947540b234add,0.008104549217076358
ck_e8298ff2dc1e9d50,0.004647097936210064
ck_becb6e1c608e0078,0.0015818059883166457
ck_3ce7cad1f69b71d6,0.014801369359993174
ck_ed0e776c0926ce67,0.031158067596865097
ck_14f0484b3817eda5,0.0037544190954566215
ck_e2a1068c2fa22525,0.017089913893246756
ck_eb224c0fd146253f,0.07584726267707262
ck_f92e04024bf13558,0.0018903377158479338
ck_a9161cf1ca22a6bf,0.04389534829123131
ck_1a46b56f4734d52e,0.005233343427573725
ck_cd655202db489010,0.0023681837934310776
ck_a980b296c95153f9,0.014433725503661806
ck_beaacb4a783db21f,0.003653317234077819
ck_03009b721568ee98,0.012257400212843403
ck_37ad3a65db673e70,0.001953205701656883
ck_071ddaaf2e4e3671,0.003844642870968414
ck_019d5891103e7da3,0.005593469269409458
ck_1a065ea906ae3d6a,0.00426755542652754
ck_6f2f0396e5b1c538,0.9775109366695676
ck_055fb9f2e1c8c934,0.040993032082069086
ck_6fd8c86ac719d7eb,0.05381621542868177
ck_920bb003b42e6310,0.0025928381670985703
ck_8beae3d7328fa41a,0.014725890298684203
ck_910205d25388a0ae,0.0028059432654724834
ck_007337aa99a4891e,0.0011775722951488429
ck_5df6529ce8290906,0.01005795931803936
ck_35f8656bf93e3b3d,0.011259248409361242
ck_0a2f8b2f8a5b6f02,0.0022451474321898385
ck_fab4f2f8531b4827,0.010769370443798568
ck_7c4e588f927c27c8,0.014178836822791016
ck_7cdec61e1c488798,0.023512326070238822
ck_19468fe07e26f992,0.9664808022099636
ck_d021fd497ea35fb2,0.023885712581773445
ck_1b52590757c0fbeb,0.027853670760102346
ck_074be35c951ae10a,0.01840545963222463
ck_38e46bc861e0165b,0.027032947045443123
ck_201687857ec8b3cc,0.013199176629055683
ck_bebea2cf3063fb24,0.003373397144207267
ck_dfadff70a58a9133,0.001869930681448308
ck_d0c9633fed57c344,0.012356572168094628
ck_3303fd3f64632c7c,0.029438159694805156
ck_9d4fed252718f58a,0.010034295668878802
ck_65ad9b15979e3247,0.02070465919167877
ck_93892e91387f5103,0.0036488344400527626
ck_6f81c199e986d9fc,0.0065110862437952974
ck_bbe1a2ea5a403ad8,0.486141881590357
ck_a89b66665714058f,0.007677189490746536
ck_0e9b982afc88a3a9,0.9889526369944049
ck_f14dce41036486a3,0.9934182862395087
ck_5d7ae0e3562e99bf,0.07638964298007694
ck_d263b55f0a681cce,0.016749980543686354
ck_a443d49c2b4863b0,0.004639134600785079
ck_2baf214ad6bc0dbf,0.023559917492250396
ck_3ef7a03ebb81cfe3,0.0018427886461465318
ck_95790440bc4bd2d0,0.007002884754971728
ck_841f598bbd54c83f,0.035488380487834724
ck_a7bc323ffed2ea97,0.0852402823013338
ck_f5100511609b92c0,0.0008485665885440772
ck_2a07c7021b71cf65,0.022104496052529815
ck_44b9125526acb05d,0.015572292172856021
ck_c2b4a1d8c0b6c1cd,0.002517878828518981
ck_29c11bd68858e923,0.0019727911965153736
ck_ace3b96c977a7560,0.17804710536001578
ck_e3d4b6f681c783ab,0.023013268331914673
ck_918c92182b6817cd,0.005321543597604126
ck_d66952b03591bdec,0.002736491387963647
ck_7a58e0cc9943c39a,0.0028460952148999003
ck_cdd2ebeec75bfa69,0.5196479930253748
ck_38703b7546d35a80,0.011862537016413412
ck_b60fb9a10d6f4489,0.03219889822298343
ck_bdf837d761a7cec2,0.34597115850305415
ck_4760216154c8cac2,0.6991053112428922
ck_b694c803b62862b3,0.047371219368418836
ck_d7877684c7923ec3,0.0023331134720474063
ck_7384d4d2406aabf4,0.0045822608779207035
ck_0c2932cc0d553694,0.004145915302264377
ck_bb41a66e3d90263b,0.21285127912389243
ck_5245cbc5ff4d4fa6,0.01210594641946371
ck_4df2fb8e4b649e27,0.007209780220570697
ck_bc6f07b06aaa4ce3,0.9215060756298111
ck_25a1ea40b2d59254,0.0015107114978775323
ck_af65eb885a51048d,0.0009738467044079365
ck_7a3f2961e9a8b6dc,0.004192111147786433
ck_a9f700eee5d638df,0.002723662100671793
ck_5e18870d8e30e379,0.023769793461760277
ck_e9047964952bee70,0.0066742093484819
ck_49c3bf13dc9471ce,0.01851155346078159
ck_4f63d5245b3ac1dd,0.013679985059494193
ck_291bffc7809f896a,0.02028848445751688
ck_9b5e7fe28208f5d1,0.006338087706258232
ck_8f21f2690c32c691,0.03878104178675932
ck_729cc0b46cc2e546,0.1051736010741369
ck_ee4d9a7449515908,0.0014115029484354335
ck_2c629c657f73941f,0.008410172454884669
ck_e4df7faacdfe8c40,0.01579000042963591
ck_ddc865af1dd5670e,0.01071096251456118
ck_e52cbcd9aafd26b2,0.003760336701124149
ck_0ac9114076f5bf3d,0.022552897687281814
ck_7661d7ceaeb19f97,0.0072265152469330836
ck_028c41b195280980,0.01001762341109281
ck_dcc125b178b79566,0.0011326567133421784
ck_1f517e0ebf397b51,0.005223632675379808
ck_2c80a592fb4cd6a3,0.0017857084459004962
ck_391639c0f13932f3,0.0008972277913450529
ck_c36ed9f8e6792ea4,0.011549625892489765
ck_3689fa41748a6f6b,0.08775371611343448
ck_555848d51f4b5f35,0.007223692453122563
ck_27e4de495abb4d15,0.005518033457723183
ck_054ed4288ee58d6e,0.027342770613801602
ck_1422a7bf7756294d,0.9530622909836405
ck_27acc9f320cda104,0.1259193760904251
ck_9c4886c5c90ddbdc,0.0024508238453422263
ck_5efbea1befdefe1b,0.1478628617519185
ck_2f9fa0d61829f815,0.022708152387376425
ck_798ba4b8aa544fea,0.0021236309567123383
ck_54e581f71be5430d,0.0018481651625611045
ck_5b82c774df10d49b,0.001491670562170999
ck_01d840cffb870615,0.2229435236326442
ck_3a8ce1cc724229b8,0.0011496094055454438
ck_8f43459991ea511f,0.004748984502352515
ck_f878b68d66fbfd4b,0.0016406120821936083
ck_e84abfc0c747c9dd,0.926869782541383
ck_083e4ac78685c3bb,0.008437549729132233
ck_fd242b18575e3063,0.04570296970112401
ck_b150fe4efb449b05,0.0017102207115645873
ck_5e84bca0e362da20,0.009117671950934995
ck_95188150ff059c70,0.18536644785525958
ck_c20638a325ead2e4,0.004337665895287855
ck_dfd3dbd0d97a642b,0.012112609654858542
ck_5fdf8a0bdbd3ed62,0.011399684155992284
ck_d6df562a79b9d0d9,0.008252685876667156
ck_28c53b214b2ee882,0.08842561822249251
ck_aa2b4c662ff213b6,0.01730861740013865
ck_5a6593d954085775,0.011263594182878383
ck_558cfe5f77a55a9d,0.00941333186084127
ck_c7ae1d4b3ab38185,0.0019640729566536945
ck_0fd826fad7ec7cd6,0.025578067872960096
ck_ad6d48c20a3688a7,0.0015875873477535752
ck_123c15d93f1840f2,0.08373764131864221
ck_a75ece9a9044eed0,0.0020569999640522012
ck_403da2a2d800df9f,0.05674150036010302
ck_7fd8b1470401695f,0.24400720231901413
ck_cfb06f07394dfe64,0.0011522187883957775
ck_aa01d5aafde73d0a,0.003094564426413106
ck_dcf851e7bb5855d0,0.0023858117748730557
ck_2fa8f2577116e9ca,0.02677776494189361
ck_57deb202d4188a29,0.006934156765020747
ck_a95afc7a00303a26,0.010510403592721828
ck_1f871df76c6a995b,0.0610742553779433
ck_1a6b30320835e57e,0.012566642533471018
ck_73c5371635aca173,0.7248215860580822
ck_1a9235812de4b2c1,0.011972967835144989
ck_ec26e327cc1848b2,0.004644766981679701
ck_0742fe64055d686f,0.0013332067642097957
ck_076cbc25c8f15fc3,0.9470889708389492
ck_ada46085a78280e4,0.01787672637565712
ck_0aaaa9d2f75a0518,0.011123584962029425
ck_4ff6fc70bccfba96,0.5671653494537469
ck_a6fc92aa91e99b77,0.9173689304093771
ck_6031211ff118cf0f,0.0010057712450008806
ck_920a48ba8c583e96,0.0010238932811826394
ck_098167eaf124c279,0.014793645483797685
ck_91a0ca45f429568d,0.018847748236780683
ck_e077d004cd1d80ae,0.0074990575277290045
ck_20a7d1ce6cc27312,0.006021911613282112
ck_8d27ff8383d48132,0.0029008541496416095
ck_c47e32c47f0e6578,0.10077832256757176
ck_9d7151dbdf100e0e,0.0062150795801718395
ck_5dd80b3c01457bd8,0.006250976766319746
ck_8594f165e95316d2,0.004154691916462703
ck_a58e900469dfc3f0,0.009200636797818405
ck_f5178a658225d8e4,0.0015075987525619116
ck_f5dde68f6f0468e1,0.0010711364397997171
ck_a8a2e296f9804bd7,0.015746492787847448
ck_463937167965a1f8,0.011123462097835001
ck_12a074db100481cf,0.2245979335818964
ck_88e3dd3039508332,0.01962817502866388
ck_9cdfaa1c30cc9d32,0.0019297397653716833
ck_4e0e80f5cc271bf7,0.0018162043736638781
ck_af69bfcf4f07d932,0.020381936667187676
ck_5a4d19f1b83feeb8,0.0011959483593154928
ck_eaec5f1a83b66eb0,0.13968244906188948
ck_2c4be237a7ed79c7,0.002231549371612076
ck_e16528edc694fb33,0.9406799471105198
ck_3c177f5970b68bd3,0.012086380220247776
ck_ad7c256ea10c4a00,0.06967833975650453
ck_012519bb095ad36b,0.9715152898176285
ck_0ed2739384f1d644,0.007090046741864775
ck_48446a9e8184c7d4,0.0016269249188262161
ck_31e1ede23247d56b,0.006085429008883552
ck_40052cac10562cde,0.019588674970241617
ck_3267fe3aac05c71e,0.003934159396991645
ck_c3db1b3ad4f16679,0.013109254085989711
ck_1b74b798eebeabdc,0.008693992046002113
ck_510e7c5df1f95d90,0.9942338871083187
ck_948517bad569b40f,0.019897995886915987
ck_b16a7c51b6f7a6b1,0.01459855670988482
ck_b53ea8713d32ca7c,0.02677187200197069
ck_11bf1039f8b3025b,0.004608656154242696
ck_4b088920f3a844c1,0.018643086025302544
ck_c2015a1200971fe9,0.01858602658729163
ck_f5a32e6160b28379,0.004527820394718036
ck_b0b5bf9254700402,0.004538370468332043
ck_eeca179341d56f8a,0.8857918918209342
ck_d94dfde9e03c9d1a,0.01664293638391719
ck_938ce30c864bc7df,0.0006614071553774216
ck_66d38518f68e6194,0.0012642362962150791
ck_115d86fabde77b65,0.0020086110117883416
ck_9e109edd124492a5,0.005037262633423158
ck_f29471fe7c818d6a,0.0024029994198020528
ck_a27bc31eecd9cb9a,0.01506412927246985
ck_ed4427962c68918c,0.9342927846590275
ck_7b55d9bb1a250d4f,0.022167563176327218
ck_461e3f7b97db8d16,0.014195981315004855
ck_2ee84f3fa27f2cb8,0.0035607583253719297
ck_bdee7c86f5ebe81f,0.013698516753568568
ck_719602def4d35fe0,0.015518232063190675
ck_87c26b2f41025109,0.9880060403082331
ck_c7baebe4549fdbb4,0.05502293757061842
ck_6f847263379f2e43,0.019550124678496213
ck_95391029a21caa24,0.02497241721373023
ck_97402a153348e68f,0.007619746373273799
ck_f1acf73363925958,0.009219861544393084
ck_041614694b77e599,0.0034789759707183217
ck_a7b57882ab66b111,0.0017081234875717644
ck_71a0d645744302a3,0.002689909591510986
ck_bfc453eabb472f91,0.002350065516452956
ck_c33a762d98f9b290,0.004057016544267155
ck_9e75c6641939f4fc,0.01619963697322662
ck_d17653a4a2d4a79e,0.01973953628196463
ck_df20cc23b8fb8e22,0.007964518697990749
ck_62720b81617896cc,0.00630646477678466
ck_d6d2c1f6dfc455b6,0.7228204918289076
ck_a0b4209feb31f5c0,0.9905041312378914
ck_779cc0f2de4d5488,0.049150283931887334
ck_3152c7115257f084,0.003713250643914521
ck_a28d6b1601b472a6,0.0168599285798655
ck_761989aa4c47d746,0.02626187939600878
ck_97e3b04a1350f6e4,0.02593587131783982
ck_397d5fcc9972f909,0.025558241122829554
ck_bae8dae7cfd8baba,0.002425727910912226
ck_04e32ee9834c088d,0.795678735607452
ck_bba0ccc6cd968680,0.02261415326367073
ck_1b34c420a4c85a95,0.005673005381939283
ck_a1201284122c141f,0.012441647300871512
ck_5ac335f02280271e,0.005808553676764384
ck_dd882323474431d4,0.03696201822093252
ck_f9604adde929beff,0.0012495360851541852
ck_44211dc210139ed3,0.00268811849976616
ck_e5e5dc431bed6f9d,0.008477381595374242
ck_17d3022ca12eacd7,0.0029750959272387668
ck_209f574c8d92274e,0.005019576572235977
ck_9fcde1ff46cbbea5,0.0017069259007921598
ck_58fd684aa5a6f289,0.0010609654214593395
ck_e96a5e1f08f8a867,0.002780153054140783
ck_90456160115f9ef4,0.002011777386897281
ck_70a60e095e9b706f,0.0013838787111160034
ck_2d46291975f0dd08,0.0013510716600234809
ck_f2734417c0db4ee3,0.0010639088976235446
ck_651e076ee43aea85,0.006704295548482051
ck_74d602c907ee9119,0.0008876541473641994
ck_4c99a6eadea143e2,0.06366973866839142
ck_8395f004cf4d4c08,0.006857535286100931
ck_3938e92585df2b34,0.004955558945378455
ck_bc32655ee5ed643e,0.0062150112387480815
ck_ced9163ea85589ea,0.2181976243935292
ck_9111e3a04b14dfba,0.03134876147809881
ck_791be3378dd7d64c,0.004670395558486876
ck_7cb0c9ded4d63027,0.019470824582703418
ck_0db62d5f7f75f80f,0.008279094063681321
ck_1723900ab9afe374,0.06606210052211471
ck_54459b45d2be8459,0.0012018481587758878
ck_a0543e9b3abe1001,0.0052495760960962895
ck_08dba09fd7dab896,0.012178825863741267
ck_b9eaf03453ac7d5f,0.002153242970708514
ck_298922703c5bbe05,0.008919164831939136
ck_e662b14b2bab23a2,0.08363983273289476
ck_4a691892d9d6cf89,0.007380828918112469
ck_056d5f0301c30902,0.03392408067046352
ck_7cdce37d895eefb8,0.007294386366387072
ck_c0b8067c144ed6c1,0.02059624626867388
ck_856ea65fa27d06dd,0.01873198290062813
ck_55d0c7012d7ef236,0.012336862690037073
ck_9bedf54df9418e4a,0.011495118972237924
ck_00f9ca84d1d8ae7a,0.0033920835328474152
ck_420d1a9c604293ce,0.011188342264099158
ck_9874ad160efddf50,0.018202422835093678
ck_f4f6f0caaab70040,0.0014771601284956867
ck_a26704b5b26258b7,0.010699534471620739
ck_edccb5a93b741744,0.002957909784443391
ck_a5f7b6fed6df2aba,0.03042169713588491
ck_ced6b6dcdc7c201a,0.004470396012710026
ck_77549c1a41f837c3,0.020989154211789797
ck_aa5f3ab48c17fed8,0.2400487436225174
ck_2a5a4c18c2c7274b,0.025412949288557828
ck_e05d44e46c7174e6,0.009283468230626101
ck_0084d8ab6b1044f3,0.0024120614791327253
ck_42633573639a3f02,0.9845780755622975
ck_0fc1086e1c9e04b6,0.005527620658018149
ck_0e6bebf8ae9b9b03,0.024475667187037708
ck_f158d9e5f101bb35,0.04180281839209091
ck_e107537a4cb738f4,0.002109813053009144
ck_ce1b06623e4a815e,0.0025302504783127253
ck_2f4f94827984c426,0.005107042404572786
ck_e8ea56e122a5a487,0.019671958087216113
ck_2d7394afd61643d0,0.0011206503349170977
ck_8dacf3a2061ca17d,0.01105309737775299
ck_315fb710a0e371e7,0.0014002299313286143
ck_cdd7c77823c2257f,0.014686460159106591
ck_e9287b6d909d731f,0.001317125768345249
ck_d12d2924d0f7a64a,0.006041778188244808
ck_0dda35c0c64c7073,0.9839994564299123
ck_d1ed88ea4211ba4d,0.002595305480420217
ck_2103399bdb2898a6,0.006838396733094186
ck_1a524b5cc8da71b3,0.02658908047846211
ck_58e5359efc52e0ad,0.002214053163863202
ck_3caec7dd6f8d02c9,0.023046892231342292
ck_3eb73e56751c704d,0.025852873823903118
ck_37d47cf0f34574a2,0.0022467582761516646
ck_66d0c6d6b67a8d58,0.009228345037077989
ck_98149ed45d38c4d3,0.023740187690948954
ck_00480407160e0743,0.0028323904777291208
ck_d1ea4bcc407c7d5e,0.007812586003453522
ck_ac2f7397801036ef,0.01316787130256961
ck_799aaf9f2b9ef621,0.012304175284049966
ck_93c4e05699b3b7d0,0.004367363985979617
ck_66accecabf3901c0,0.006195686327959431
ck_f0c4aac04076a6dc,0.008196545146726094
ck_e3cb5f31d8e94448,0.9842446547591431
ck_e541967c681cb929,0.019098966898869058
ck_8aec3d3dd51517c2,0.0018411294211157121
ck_23edb6d938a3b87b,0.0013539186951510235
ck_740e760fdcd27835,0.006639597387669561
ck_fc40a16adfced018,0.003112793047714031
ck_7f0cd6ea3096f985,0.0030183767436033656
ck_347386629d96c664,0.008798777258697403
ck_2366b29ed9887a5e,0.002091416007557147
ck_187317383400491d,0.002808158423946388
ck_dcbab304b55a42c7,0.05845676508919035
ck_ddcac1ab765ff61a,0.007927227002462605
ck_f39cfeb277ef6528,0.0013999356353572793
ck_d69455220b21dc9b,0.00330135685253899
ck_b4703ee97f94d7fb,0.0013742866296504958
ck_0e0bab173622db9b,0.12609487079980797
ck_d6fe761ed0db3270,0.013959885468763724
ck_590716322ff147ae,0.015141896005505183
ck_494954023f0eb309,0.020533216213874713
ck_95e444a01e2ab4a5,0.005642488037515644
ck_0f909705e2e60f2f,0.00245510005272429
ck_6d03a542922b2ae8,0.006251568269756107
ck_b0ef193195a2138b,0.0036155577865281965
ck_7b1660e942436e12,0.009741282015726162
ck_50ede3eb561a202c,0.0046697042197645765
ck_4c4a939154446053,0.003987907242533807
ck_504a45ee08db72b6,0.005077797462701844
ck_f143641bf3dd0414,0.016633529665490872
ck_b7bd3a7f263f4f29,0.024055351311118193
ck_bd23cf9bba1dd33f,0.019081325759759
ck_e5f5cb7dd6ce4a37,0.029923516013216384
ck_1658429acd5306ba,0.010884233035092212
ck_db1fa53d588bf99e,0.0035786966297598516
ck_edcfa9e1cf29d813,0.038355539286111816
ck_b7c37d410b1646c2,0.021270915127562084
ck_73cab88b29c7845d,0.04506497179521312
ck_f42a43e4c3f34ccd,0.0022081900860776234
ck_0d0a1a021efea5b6,0.061374010338618744
ck_f8f6a03613b6dda8,0.00662219715690758
ck_60557f077abc42ca,0.09557866150781846
ck_d75f25184ece2b51,0.003600668668764269
ck_bb1a981306b750ac,0.05301878185503645
ck_7e561caa5fa1f3f1,0.013796932853222539
ck_e424148c6f2223df,0.0022990266796505824
ck_4937cfa6526ea138,0.011467116389501753
ck_a72d6df666e1c21c,0.0033248437606766103
ck_245f5d62ead5ef28,0.00794050326623162
ck_059806c52cebe4f1,0.147113425423406
ck_547090bf35a3b243,0.0064870061925556355
ck_19988702ccd79201,0.008304244865385623
ck_90b4ac695b9c6bf7,0.0025957647968397916
ck_66267bbad1f1415f,0.9811897488159429
ck_ff6a6d3547dd2d37,0.009597771260298699
ck_03129b41457795d2,0.010501385743722157
ck_a892252e4e0c2828,0.007924317774416004
ck_b3905153b9eee924,0.01013659177220646
ck_e934f984bad2ff91,0.9383043766011098
ck_8d2afe17c0082e6a,0.014628231834996824
ck_ea9edf9c107d429f,0.004165022766767059
ck_61fff5fdaadd394b,0.015041788228953884
ck_3edaa94d28cd48ea,0.004699154378854029
ck_f66f06e24ff32671,0.009796152574806849
ck_7cf562578c7f158a,0.0020292087913251324
ck_66949171b387bb93,0.01425749529526871
ck_87d70f5fe48a6128,0.019920495521562553
ck_3ad3fd3cceb56b66,0.9178873749370475
ck_d229dfa0e4442628,0.0013167783202386722
ck_4732da7e0d2dfc7c,0.004301431572533407
ck_2209de229b4c71c5,0.007702089681353855
ck_4ed711fe4053e74d,0.025752112980044806
ck_c78b2638fadd91ab,0.03310354606121774
ck_8bb6b0a292754576,0.045349115719404434
ck_0b615ed566da1f58,0.01690735834656873
ck_d2b3ce1ebabe9f93,0.014591980177982147
ck_d3b2b250da61db19,0.9627361538117513
ck_4ffe0366df388604,0.00807813778443552
ck_d2d4a8f4a9f2c33f,0.006325064824659462
ck_b378b8d8100ee4b1,0.006731090880164154
ck_20a17e8f206a14c8,0.02820227931299536
ck_9ed53de6ef779ae0,0.001465047638886227
ck_3f16e2cd7e6874cc,0.0060298668798172556
ck_ef33c04f4c9e3758,0.01724902495311993
ck_8fd91a3c99e19097,0.2527986637011027
ck_0c6e7bd357e4a348,0.0020564504714819924
ck_95654593cdebd141,0.0012481535756660726
ck_9822f8ed05335741,0.004072536541529849
ck_11c7667920541587,0.014961496436708223
ck_ec3715add8bbb6e9,0.0016330701770370603
ck_f09f9d0e0886e0c6,0.010789012979842097
ck_12107dacc6d05bd1,0.0012442214698328276
ck_23a016cf6b98d89c,0.026053090755187854
ck_0e719b3a6906b8f1,0.0010350535083387044
ck_7137eeb394d200f1,0.02250498086338755
ck_8026e017909aaa6c,0.0015560260105324682
ck_ce36b0c287bd198e,0.033729037784716684
ck_926b81c0ba528eee,0.06783955741763276
ck_6b93bd8abf87b1d6,0.9130582162995644
ck_73762038c7ff2f6f,0.0017731218720771192
ck_abd10fbcbaf2b038,0.0042225519311332275
ck_7ebc5fa7f0d3b8f2,0.005984709253114099
ck_fe33eb743d714c03,0.009909587806600416
ck_17cc7b411f448e66,0.07269819367918384
ck_5debd55f361b2ddf,0.0019784690969083213
ck_350bf14e90b503f5,0.016628942283275404
ck_469c17407d17b706,0.02026309741698699
ck_004de16f7d8a42ae,0.006615512741974871
ck_27fd85b1e38b675a,0.002244879132146556
ck_05f79ddd8eefaa56,0.006879345393233805
ck_3a57a13ce032a6fe,0.004754035824928772
ck_c965fd6bec0f0ecd,0.023998014968865305
ck_a721f0d635fad68a,0.004301269503779886
ck_c29489366c01fe65,0.9806883479800023
ck_781b8288e54ba8f8,0.09743540339906374
ck_c9eb4df91ff07f2c,0.016364853674391104
ck_8a5a57858e8c77f3,0.02215996480340785
ck_76d010aa02eb477a,0.0005933749246787207
ck_7a50abd42298133b,0.00844630260577781
ck_1d2b80ab6c4944b9,0.008314931258653001
ck_4e39e3b165edab58,0.7638373699500268
ck_e0ccfa0d689339be,0.010889894318316704
ck_89790ff26c844bc6,0.014528575911534756
ck_94e8142728e44380,0.06768296506788017
ck_e3a22799716df39d,0.005042365955908959
ck_5217b55593a332ca,0.02843429195452899
ck_c1c9d3842d758420,0.01961092154082001
ck_dd34f0a844fb115d,0.36696475080614505
ck_24cd0d779e866287,0.002754234331158764
ck_59f46321ecf6d306,0.008424447969586787
ck_e7c212f16d6df272,0.008094468541250831
ck_c69ef0f3e7d6acf9,0.06298565038625974
ck_6c1dbee7e8fdd5c8,0.04893481207399159
ck_2ad0ecbacd5acf8e,0.9694339959900338
ck_d67d9dfb60b286b9,0.0013058320082116655
ck_b35d803568f82d9a,0.0081948922632378
ck_af39767cf583905b,0.00815231825810562
ck_4450b55f462ae134,0.0037973135857804637
ck_545b71eb4fa594b5,0.00241649413885049
ck_c0422e638a9c6046,0.012887112152194562
ck_cd7dcc884e283746,0.03253030624953738
ck_d6ea026357ec6477,0.008687190049395468
ck_e30e17db5473c7b2,0.00968899203789972
ck_5567779d6ba184eb,0.009181061088312317
ck_fca2798914627dc8,0.04336539759851847
ck_fff9fdc2adf5100b,0.89153695458644
ck_0c45e54897ab34e2,0.018060216376172743
ck_507a6a580ab55c76,0.0033520293751240827
ck_332ad134fb909869,0.00582421914833799
ck_ca60d61cd4dc3bea,0.0015009306274727555
ck_59735f4ab2ad3da5,0.0111901110353488
ck_ab9ea095a5c58b4b,0.01915795995573341
ck_ca0cc8ea9f344408,0.00591652903638552
ck_8e139f8925ef7968,0.008654569452093253
ck_9dfb2ae78659240a,0.010146377192179963
ck_90f6f5ced708aa75,0.0010746785797427951
ck_4280c33af57eb4f4,0.0013882502329306034
ck_5ac86682385c86b8,0.006980143077838978
ck_1bfa8abdb22be8f0,0.00876584591580693
ck_65491367584c730c,0.01511284868894867
ck_3d7db96995745472,0.01726380177939749
ck_a1c39df50a5873b3,0.013260271594486471
ck_ff7c26a62bda8089,0.0011978753348539936
ck_09b0d8af304646bd,0.0009968674302231065
ck_3c25029e40aa8a84,0.004051372540219652
ck_765aaf42c5088545,0.01629055774771816
ck_e0f845159b6e6a4a,0.013959207188894665
ck_272ae2179bbd8e58,0.006209138463706222
ck_c0ce85fb4109567d,0.019469943960907156
ck_515379973a8044b8,0.0020160120619746287
ck_b5c3075c811a2216,0.0119195182725913
ck_713159c5c6a7a4d0,0.9885874502664602
ck_5b3ba20c8bb1383b,0.00461365060812878
ck_67cdcdda3033842d,0.08619057309035888
ck_647ac26c5900f082,0.007327519417448866
ck_46d51648c1bf80e5,0.10141072687341282
ck_40b4e264d1a12b83,0.751449945738711
ck_620d7ae27af83cea,0.009820693764394374
ck_b9e5b318ee4de68d,0.008391333215653825
ck_cd691e3466fb3742,0.004339178927484762
ck_7190177963eafdd9,0.00903066732978691
ck_362ce13eec1e33a0,0.0027427935626195563
ck_646e270e0195bf05,0.006246010291330095
ck_472e0be7a3b533bb,0.019376317662601287
ck_0dae4a7eb587f3ba,0.017887188891373286
ck_e6e7257377c37b28,0.09676130784679328
ck_b7f5d10b427346ad,0.0038655712665962346
ck_3365a0ad1a8aa83c,0.010845175048600773
ck_7a43ef9c7b1c67b5,0.0028877679280883434
ck_7456df89f3792235,0.0030276570507424155
ck_5014a3b07e1f049f,0.9385900885573677
ck_9b12fb56529ebc4e,0.005255929905687708
ck_002eb6552b504ea1,0.003914964648261686
ck_170f4688e0acd875,0.27089661065003845
ck_ccc83cf66365357b,0.03866825810330856
ck_4719112b55d20161,0.007115473576666995
ck_a02aeec1914c158a,0.012117460801928132
ck_ad4a4daa826ac68b,0.9223351121019254
ck_0d40961e47797027,0.002589487225156814
ck_114c32aad4b6183f,0.024772481587782367
ck_6ee939b7f396975f,0.005808647028542797
ck_202f0c14b07ace01,0.030624371661615808
ck_09fd43f1b7e2eca2,0.001727675705406841
ck_189b6fbe9b9192e7,0.011609474202745277
ck_1383b2b1875000f2,0.009265449946730434
ck_00bd7803f2530c68,0.01185277999585873
ck_4085cd3bf2661518,0.01038321892254715
ck_79323eb5d2e5efae,0.005825820332708526
ck_7d1661a34164406e,0.9659047628539325
ck_ec30b61cbf517db8,0.0025030898704916397
ck_ef346071f0b7654b,0.006046860395150934
ck_4c2f2eb657c2c60e,0.0025258356754331184
ck_832d39c590a3ca75,0.9265137899691166
ck_7cc5e0fa3ca5a713,0.002445061031135508
ck_08b4619490e751a8,0.7068691589640712
ck_e0b3158111370118,0.008902774217582581
ck_2685f38930866af0,0.03821270667112375
ck_cd6fbd4e8724f994,0.019224066353922136
ck_33160c443d4b3f19,0.009855733943262302
ck_2a2c336a69b8d68d,0.007983382548455637
ck_805ee564bd35ef15,0.0026100516669238594
ck_08a0355d1f1890ef,0.004898092336233874
ck_15fe2a47fa7e92ea,0.001685871692766865
ck_85ca825f905a34a1,0.006735631702897321
ck_b6527a85fd682554,0.019418876637456964
ck_9dfaca4c7c80b10d,0.05486249835576733
ck_ffb4d892c5158201,0.004110274550734689
ck_a544e766540861fc,0.027831010073138016
ck_354909fecf5da8cf,0.010931322872790146
ck_fc5ea49518e5d637,0.0011981766991993245
ck_7c12de74de30b788,0.2114529332570942
ck_7f9a748110d70005,0.0023027622598684517
ck_732f725747393ec8,0.013427177079884271
ck_2452a30397dfc54c,0.0069573767735494
ck_08fb463e69f647c8,0.9855082251486085
ck_49df70f908dfd069,0.040603553895658645
ck_7af748a23775bd54,0.07584882956605785
ck_5010ffb1c94187b5,0.0020932614650001568
ck_68250033717cd59e,0.00410956369930979
ck_83dde7da2bf647ac,0.001258460763608677
ck_8bbb625384edebd7,0.0024432402841178267
ck_5eaeb87bf6207406,0.9727752492865681
ck_0a7adc2f27f98510,0.06828332556514619
ck_c3719a30414bbb4d,0.008186446504876087
ck_580f136ced341298,0.002147359007862786
ck_70d69e5d1bb99e85,0.005154467740538474
ck_c3476080516db25d,0.014967580716500468
ck_d4e0b2a12fcfc35e,0.0033917310948724092
ck_2ca91214c357c072,0.04464039034623883
ck_c3ba7534cefc1de8,0.0027830979031644894
ck_e967ff05514b697b,0.036728033110081035
ck_2d3d7d64a6f443f8,0.016704554557910103
ck_9ccc030ba2de9fb2,0.02182286877630965
ck_387e5a7f163c7837,0.011257480656017598
ck_d51df5e9fbbbcc94,0.00506056702396782
ck_15254db133b28371,0.020992590541696634
ck_5ac959cbcc5e98f3,0.0023863448085932703
ck_619842688294dabc,0.016299538469998757
ck_179ed66cdfc1ce27,0.0011666571323054732
ck_3a70b4ee59084715,0.0028388697161126795
ck_c1dd3feb9a0b6471,0.009410187147395247
ck_235ce9603c7dccbf,0.019558910615869972
ck_edf1096809e83ef8,0.0012188180952270086
ck_83c2c34add971d76,0.001133536495284877
ck_0a4e191cd0a57ce1,0.001940075645256565
ck_472c81a144f4631b,0.002181150150892601
ck_81818169208a8cda,0.006210361553084373
ck_06aee5a62a67a84c,0.053743708131665485
ck_754cd7b4a5ae3f94,0.020853128863936234
ck_3428910b44b9d08f,0.019740074858604635
ck_a9d2bb4f2bde7052,0.0028301126698929476
ck_6482ed4491bedcaf,0.006728670408903785
ck_966d4d713cbc7792,0.002017835813950707
ck_1c8c969667cbaab2,0.9032346551347366
ck_94295287a04c85d2,0.683288350354007
ck_466103ec5bd9444b,0.01062486930920098
ck_3c0031d7514da17b,0.00699187026654016
ck_9757163e25262b74,0.03905495144752831
ck_c8ad3f01319c065e,0.040476639527594595
ck_d35e3aa9ef5d405e,0.1666459295617424
ck_3397c7856b4669a5,0.0015010897040624999
ck_1745847cd4e5dc83,0.009543201255284328
ck_4b84357ae8ec7777,0.009384694633288438
ck_bd771efb4a7e15d0,0.009200815287413948
ck_764d40f865e710af,0.008798618251235454
ck_021c6a4a7e3f1f0e,0.0014973466203548633
ck_123d75ffb75b606d,0.004006353015644807
ck_b48cd8593533fc1d,0.37139357443138765
ck_c7b17f7b24bef5d7,0.015015941498116504
ck_b11e22e75d9b99de,0.0012073534003455217
ck_c7550723b90e5615,0.004583084233398232
ck_4dfd8947f540eb24,0.0073456422675478965
ck_731943c682c9394e,0.013823623893670598
ck_7db098a17374bbf8,0.9455025761562155
ck_7f3132d6be389657,0.08963517475284433
ck_95458880a54df0b1,0.18853339593228322
ck_4c6ea04ce8ca9e2c,0.003152387476243905
ck_8777beb11aabd66d,0.0063648504801717375
ck_60c3d8306527a08d,0.0029871795403852864
ck_cf8ecabbc61d3e11,0.0037034677364828857
ck_5189a302cfa7cefd,0.0009705265198668171
ck_77f293d44b4a3d2e,0.013953690640774688
ck_bed50fc64fbbf8ec,0.008529940627896047
ck_929bcae878a3ecb3,0.4531783484489506
ck_f7c6c26ef3c4ae06,0.00947607680035809
ck_59a9e000fa275e1f,0.008821267871034585
ck_3ed9e081959b2f5c,0.010873632060895613
ck_57f17254e2688637,0.01653536734494269
ck_52dec82e9cf6135a,0.003925324787707063
ck_d91ab840848a54fc,0.002245536112831672
ck_c886adec7bac250a,0.020935121851173747
ck_63d4f5076fe4406e,0.0032936719919943493
ck_ac0ea27e692acdc9,0.016161825102642087
ck_ba845332b730b596,0.002811227473616072
ck_7e9a8924eab779e6,0.9548301409321078
ck_38abb60995114f8f,0.02269423124393345
ck_323b9cc5c49f8ea0,0.8579388025924775
ck_c530235393360e3b,0.007230758678872193
ck_1355db6f4010232a,0.008441669120265134
ck_1cec1ed1512a2d3d,0.0011297447789072382
ck_5c0fe988b8aa7fcb,0.041494656990541494
ck_79e202f06d8dfe42,0.11853717714081274
ck_e137400825a1e3e6,0.006527252929904773
ck_fefc49a2b8ad993e,0.004537905532938866
ck_7510b1023cd08531,0.0047803050480510634
ck_b95fbf2b5640aa82,0.014375509582306543
ck_f4536ba8dd2d551d,0.012562168008456474
ck_9dde2c63acda3ba3,0.01281108968612938
ck_59472d17debedafc,0.011645679087613482
ck_b0fa8b84e94d8ae0,0.014865797582331954
ck_5b52ee0a13c71590,0.005426195522036491
ck_ad3c4be96599554a,0.003942753697682743
ck_458531c22ec2f9b3,0.007674222022348215
ck_b379c198d6db2d62,0.01681887644749671
ck_ed9c56fdb9f45ddc,0.21424815388861282
ck_b3ab3c210e2c7c19,0.03832419907190744
ck_98b34f2d704c1c2a,0.007299698980984192
ck_6def9d0429e4ed4b,0.01896292022754802
ck_ac68d707006c12a8,0.004750425035705669
ck_829cbf5ccda481ae,0.005340229630131654
ck_43ea894480567274,0.010964696914620993
ck_5e36042cfad96c99,0.5648033119974742
ck_891eaedae139828e,0.009967733363321681
ck_68ba25dc3385fea1,0.03737665086248747
ck_4a522ca2dc4831a0,0.001670899067193162
ck_a152165caf295b51,0.0040488442166324865
ck_31c54d540b128843,0.002119108291045546
ck_cc447fcc24a0772b,0.926342296064717
ck_8a16eb584093b12f,0.0016317865638149443
ck_259271c70f3fbcbe,0.029908973367462698
ck_bd86132499defcd0,0.004506164783141728
ck_7a4e3d553e8ab5b7,0.05425376436055873
ck_8ee08f6777cc155b,0.015871167209874637
ck_604c710141327a81,0.003598086634432545
ck_3f1287e6c27de0dc,0.006541442561164528
ck_ae91b4cff57fb3bf,0.003854364213490017
ck_8d5fa65717d2e0c6,0.026263408376597453
ck_c0b744eb9e7d4eb7,0.01009934156268629
ck_90114c891239d821,0.0032631335424170827
ck_85de63d278f0fbae,0.0022775668852902525
ck_3d41faeb96802f68,0.0041675660395271725
ck_2cd21137a07fdd7d,0.0036908836959281474
ck_168e7ea341a36b80,0.0018890638630820731
ck_db23a0e3e54be60c,0.7903948939344563
ck_a958b2461ffc21a2,0.03474292923416597
ck_0b3c3bea0e0ed339,0.020207030814591777
ck_be5df076b8a86409,0.005060163578337375
ck_2d1548f1ee405cc9,0.0026708547057762407
ck_7176bbc97b1e42a1,0.007865617097425927
ck_ad9e2088a33c8c72,0.0006412830487360645
ck_324b9939d9c1c31e,0.006957096828296192
ck_dfc8f5c141fd7c63,0.041347600646460314
ck_16fc77b2bcf5ec03,0.9736691867987628
ck_4f521611ae14ae66,0.0016958205441160888
ck_a7fcf7b592f68ca1,0.030610434788460577
ck_8311cb6755b2016c,0.0014308881512246892
ck_724085c3452d4693,0.1679951027311259
ck_a0db4ccca08030c3,0.7317829897849849
ck_de39c1947fb675ee,0.03722228566998337
ck_96a9221a87be93c3,0.05684613091547809
ck_98217aeafa0bfefd,0.023517561487826275
ck_f4a7ac178fd55f0e,0.001606427031828098
ck_5d818522cbfe2a54,0.015478757454604813
ck_874eca6776b34dec,0.0012567335722758217
ck_7262b4e0c29c942d,0.004415727978474286
ck_20cd2f5666719baa,0.001980893655922612
ck_d7ad9921a4d25926,0.01280943391391635
ck_d56ee1654378ffc7,0.006822319389138034
ck_2c7667f64edec2b5,0.015723764690507173
ck_78730527f8ba1438,0.042453510185354516
ck_794ba5921cef50c9,0.03713443937880509
ck_b8cdd6d6dccc4554,0.001293612890952118
ck_12cbb211ebd2b437,0.01986099666813558
ck_85cb5033fca7c846,0.021924835562038936
ck_1e51199a075ca0fa,0.004477630864317724
ck_e0f3ea3373dfc4aa,0.008899298446193278
ck_40799e129fcf42c5,0.3593586894384039
ck_5d4ed73b9efd7d11,0.0086201305332544
ck_243b1b9fdd3f9a74,0.0007089059692145162
ck_9d64187c0800f84e,0.04483932666575742
ck_01eb24c18ad11fca,0.06440757943574756
ck_a0e46b67e986ab56,0.01825657179725019
ck_cff18e2d8c520272,0.0016779426240679397
ck_6a27c44b691dbfac,0.0032048414233524416
ck_e6ffd0754ac08661,0.001595383260938432
ck_a7acd5b015823793,0.006494995760777044
ck_c3f360c2d0ea0a37,0.006667732708422559
ck_38da3bf629458682,0.007734495632479321
ck_9a0b605e9c3220c4,0.012871793818585858
ck_e980d325b8dbb8dd,0.0009280236558175833
ck_75b69034000ca7bb,0.058255255263895946
ck_d451d24c780b5884,0.004321235335771264
ck_2e824b0b27494a17,0.01900042607966363
ck_23caafc2cd34242c,0.0071087059533821734
ck_ffe2aa26f597e552,0.013649813988728447
ck_eed7f1f7548df15b,0.0034033865759234647
ck_eeb75f8a6439f65e,0.010788769935763332
ck_2e481d75d110c06d,0.21126538788809812
ck_192579ecdca7ff83,0.004741548135388904
ck_869b1878d09d230d,0.2119205097637902
ck_323a71f9452d21cb,0.9129067140009419
ck_5e68ea2c5e893cf0,0.027061856454378978
ck_be52a7ec43241ba4,0.062488591556169114
ck_77b56c49cfdb1d81,0.09494754155913587
ck_15e0b679931f7a8d,0.004967518731560759
ck_93776b0c113f41f0,0.042004983126794536
ck_1f2760764afa45e8,0.0017191307236043476
ck_3fa1a523d77cd619,0.0187428342923877
ck_0e13c4f73818149b,0.012268774912535963
ck_59be61b53d971611,0.007932703299458416
ck_87eb43e3b9d96169,0.0313061006940095
ck_9b7167da0920c37b,0.06763040272070879
ck_6cd8e0196365c474,0.006845455770819728
ck_9951bd806c13c7fd,0.01914008314986
ck_c6d2e11a368184e6,0.009672586929656786
ck_c646cdead6fb79d0,0.016912486576954433
ck_abaf371ec8249c4a,0.07181459542650648
ck_ccb3767c239018c1,0.0019877149997733954
ck_e5d1462846154a75,0.01599194751507006
ck_939fede90473e412,0.0011964881609692983
ck_bc89644ae3688995,0.002439023767609901
ck_71c917295020ccc7,0.0014791298206678874
ck_1d58f6caaa4d012c,0.01244790164468135
ck_609c249edd88c565,0.005668921278836525
ck_b1496c474c4a3239,0.0018976950618658298
ck_00a07fc2a9183c3a,0.0019074750808591272
ck_2122f201e65f76ee,0.003748147853243167
ck_a5051eafe8b51224,0.0045527945947090856
ck_129e39ddfde92eeb,0.001232102291435904
ck_102db9615e722c9e,0.03155645078694783
ck_b6a2bdb2d335e1d0,0.9939413161502677
ck_c4cca8278bdad9b9,0.0017157906228807997
ck_212525e2828a6c45,0.005559804746584832
ck_84ad096a46e1a960,0.021496719130691427
ck_1294f7af22fade11,0.18329774497678042
ck_0d33977c3de8cfaf,0.9908146465231418
ck_5c47b49c26cce286,0.009674202493864751
ck_f558fe02bb0219b8,0.004690120484042028
ck_c09c914e416edd08,0.007768596777282975
ck_f8b3cdffef535330,0.013236300358090243
ck_46a8db16ad00b749,0.018911953165101233
ck_310f73940fc4cf4f,0.007261686433106665
ck_3d7fa32dfb9fc692,0.047488740917435816
ck_fe8e5a6c880ceb4e,0.005883845209203783
ck_7176d12b18f2cc0e,0.01273188034347068
ck_61d244b2cde483af,0.024660948437940193
ck_3865b7525b910893,0.012313755793050723
ck_efd7b9e22c6317d6,0.04152475501254158
ck_5e418a7c04437b4a,0.022654695218417814
ck_2db3fb565e0211ee,0.0023630307171314934
ck_1071d14c46c92379,0.8646386465351998
ck_1d7cd5dcbcdafd7b,0.5704075338705275
ck_dca9dc465f759db4,0.0022388018181872266
ck_0d4dfd93086e7330,0.0026001640463495794
ck_16077934338472bf,0.0019443822796635876
ck_5249b223000915ec,0.018230415546915187
ck_125c5a720ecb177a,0.025121631353139405
ck_62337eccb1672737,0.003486342515846341
ck_13376c59b5bd6943,0.0012845924779983427
ck_399e45e5fe9beaee,0.005493650203804007
ck_946afc2943298d26,0.00647937716274397
ck_a6e8e8f535b1f1d1,0.021141397225845217
ck_7c0fdfbb447cdc04,0.010983049400592087
ck_ce0166addb93bbad,0.0016063730662416273
ck_7d28da4f1dab09ee,0.5099933551265194
ck_0508908697f60ce3,0.07450643506444093
ck_d96eb3cc55f2772f,0.008924821225371709
ck_b4384b6c11766ce7,0.002833241236875306
ck_e5cdbe3aa12c97f6,0.004814833186107784
ck_9f3861940d8d873c,0.01169127938778269
ck_d74a62ab3804a81b,0.00366820466081872
ck_7cffb189f4f514ec,0.9690156701520664
ck_ec8738ec663cd2eb,0.021820136458410636
ck_715966f86d5c913d,0.0019185866303786546
ck_6da9c5912e15d9a8,0.003410879653342594
ck_c081e1967dcd811f,0.05552447686666536
ck_f9f93d1d41be1468,0.8510355799552801
ck_583d6ca78c97d91e,0.3107105110129305
ck_533c4f7400d5ab22,0.04610515833881743
ck_80c0a7f54ff4895d,0.004410160530468224
ck_a60d6b324bae0330,0.038141348113258325
ck_4eb1c12f7d092bac,0.001296536131923342
ck_5a9d5f9901e37e31,0.012148421171570074
ck_5ee32bc6bb5d1d4c,0.2503822656883851
ck_4684fdd61c6a0fac,0.007926340708953242
ck_510bfbbee37ff436,0.006791670267449366
ck_a964e6b5d8415334,0.2703588575401197
ck_1b708e2a4a0584dd,0.005893656504256091
ck_2369689bd795ee10,0.004234230757587476
ck_e9dcf535f8c289eb,0.04198107989880403
ck_09748dfe4df3d540,0.000896102909485666
ck_2ce5afbc014763b8,0.024304398931844943
ck_132c16312f37810f,0.003571154394556267
ck_010264ae04f2e902,0.2017937631687783
ck_fec0ff92fd622253,0.01019599314648062
ck_6343e0d3b1c2962b,0.007073739794553318
ck_be51f4e5e6b85768,0.19509715094881863
ck_f2bdcfb4203ffdee,0.013193552251707505
ck_9720a472a3e0140c,0.005722983145424228
ck_9aafc33fba1474cb,0.004773884026371189
ck_5403c76fe68a08ba,0.3734386133066573
ck_6e606f73a1094afd,0.14879230912437233
ck_ca9d86f65cfdf018,0.003949303088122886
ck_b9f6040eebd1605f,0.017973075222476383
ck_b447badc9138987d,0.0018817520966353902
ck_7fc513033af061af,0.028154974753989565
ck_01c631b38e8a9535,0.0019174469458838913
ck_30753ffe481a1b8c,0.3341611309463912
ck_9129c92c12e0c8b4,0.002180814156118683
ck_c401a26725b17177,0.0033643967971734193
ck_117d78ccd5820f36,0.006572727882108086
ck_b5777605668bfca1,0.0026570909952479535
ck_0e5385c70c6de025,0.003727517499974463
ck_6a0f8f8fa4a3c2bc,0.011404504879205702
ck_1c65e8d5be3b9c60,0.18407784480296185
ck_432cc19c7eeaa46e,0.008025456640053878
ck_ec7406cb5cbc8f10,0.0023668659209752753
ck_18eb1f9181f95df4,0.001124519398049161
ck_b837c7dac2a9b931,0.012177625666429227
ck_acb84dc2351eeb76,0.0026956505655223685
ck_812cb3a4482cc618,0.0063805865234172355
ck_1436f6e11d4008f9,0.01971776743990747
ck_cb83b9f806e90dc6,0.1659306230456944
ck_60ac5e5f375daa38,0.006573786369278522
ck_a7e669cf1c3985aa,0.007616670473579452
ck_675c0ca1ebb1051c,0.0052883536301510745
ck_398f3f4cf05c721b,0.0019253119371982828
ck_3364a1d9261b3638,0.0032390525831954998
ck_8dbf61df902a6bbc,0.0026937902730290366
ck_25e551a0a8d2fcc2,0.013183001937365914
ck_7831ca5c31fb3859,0.05505692421828326
ck_7989376f8cf64a9d,0.07850374815623504
ck_0027ba644f9ae2cd,0.0824736943308571
ck_02a9104419a6dbaf,0.011358992221829043
ck_f97c477986043755,0.0016659197460535164
ck_4b68b38c1b3326a3,0.003976265617419414
ck_190bc849e5ff5401,0.009145190607169375
ck_a0e96fed380440b2,0.017279385166444585
ck_bd25ea782e375b22,0.03452318173827941
ck_50ed8f4e7ae6710f,0.0035107299264964136
ck_86a2d852a9715432,0.024497601128280012
ck_5954f45a2ab45f43,0.008475859955191331
ck_5fc65c24e0736d5d,0.9877637554881691
ck_51d842e6dae74c71,0.00746672448138349
ck_b05c4d33c4f43639,0.06297414155265095
ck_538fdbbb3c2bcbbb,0.07713993407618105
ck_735f244b99e3aa8d,0.004950857012143229
ck_5a4eb535c9a11993,0.03249348659092249
ck_706a4f673a9fda3b,0.33496199267290994
ck_b92b11d205af91eb,0.0031303292381677688
ck_84569a8fc50e73ac,0.007316500229495285
ck_a5ecbefa849ae569,0.02633252465982682
ck_40bc6de252865f32,0.003876602112086418
ck_4666232ddbf77756,0.005748541428021912
ck_aa0b083e2a6813eb,0.07740248733033178
ck_634276b05f4381f8,0.059280137228073834
ck_fbff7b5da8111567,0.010434502739242863
ck_c00e70606904539a,0.0053643255230725944
ck_0e808afe2570ecac,0.011455942753036703
ck_b1495ee5c59a6b28,0.011124555842770459
ck_724e459b9ece38f4,0.019130649696120394
ck_3c08546dd0c92863,0.0127406759561653
ck_aa9b28e7fc43af79,0.7956199131640828
ck_f2f3cf9cd23b2809,0.017064260105183766
ck_19660cec756632ca,0.009852248831942929
ck_221b5d40358230f4,0.02039153575513507
ck_dcbe6814fc4ca0b4,0.02498011490501111
ck_5f0be7b468a72333,0.0010628410726948082
ck_49685deb63e4e8f8,0.005713289067397883
ck_032880f1114dd51c,0.028790001209945855
ck_238e53b6dee8c301,0.0015137783687961008
ck_7c7ca54969eed187,0.03584530454729565
ck_a6c740041faf0bd5,0.0035282978449627258
ck_2455d43bbdd2bb69,0.013164240713460423
ck_6c54adce174f45f4,0.0008523838092663495
ck_192bbfd0d5720134,0.0013715305131168517
ck_85e5494ec20383ae,0.010280941782394595
ck_479a065d5903e9c3,0.002267149938224975
ck_408efac1d3885ff8,0.124421252769227
ck_f7e958a286ae3b57,0.0036438850125155168
ck_8dd44eead7d765a5,0.012254920474789351
ck_2c4d25acbe3fabd9,0.006142052526572716
ck_621c9ddde6bf2eca,0.007885709322000186
ck_2df4854186ec515b,0.007987894988422246
ck_a15fe7d0f4b65c33,0.7074736765749037
ck_73b729cb161487f2,0.00860657477787323
ck_053746067839696b,0.01428413448124314
ck_0576b00d728bdf19,0.009290514502563924
ck_daaa995f3c2f0e47,0.018019458342968437
ck_a777c813551281fe,0.0017898617238570043
ck_c4de808ae69c771f,0.0029978498449672354
ck_1d3e561a7d20be0a,0.9849858920178172
ck_4cc11c7d3ca61f73,0.002090670215319167
ck_fd78f8a8663646d7,0.006275759707284582
ck_3b150afde386ecff,0.01890363612506183
ck_9fb11688dcfe1513,0.003477554859317465
ck_924e572517515f19,0.3256745143856009
ck_eda55c8fb47593d7,0.007922567376725725
ck_e066f71f8b296b7a,0.0020594463182290424
ck_32430e678c4f9f53,0.0038154697672003104
ck_7484c214c889fe7f,0.03175736451174165
ck_7bf668e25abeeb05,0.00390414199443811
ck_3925f8565abb7fe4,0.0033948371328697702
ck_933789b55361d7c1,0.7714883375866136
ck_04212a9bb9b28696,0.9898121812607299
ck_f04938570a154de3,0.001365779142600084
ck_4ac918e884cff336,0.023873189836869126
ck_666b95e75d99ec4e,0.9401307537835943
ck_9b665ef46d785324,0.008407221638636738
ck_de056e37c82e8e00,0.01232211228772907
ck_618c4e5cfae99dcd,0.08684879491842559
ck_3b74512f774a6e5a,0.0020418177468848712
ck_1ad36046aaeb816c,0.004648643992195962
ck_2df5a9fc87553eb1,0.011662838168611973
ck_b367449195e36499,0.012195735490607063
ck_1242aa4496576a99,0.003659499886978647
ck_133d8a1ac7c0e301,0.9653462331327397
ck_b804e784cde9af8b,0.01189641039941321
ck_4b3506b624e5193c,0.01747994038813143
ck_475ea9aa6d3898b7,0.028957612144488144
ck_337b24a474010abb,0.9855932264609538
ck_749e0e50c3907be8,0.004136330432841043
ck_d1157eade2ac3975,0.011393160201408141
ck_c2dccbc1b24b137b,0.7214923613331167
ck_af02e1817cfa40b5,0.014366805121655463
ck_e9a2495dea8675e2,0.015028584139729836
ck_1df4a1781a0f6999,0.011688637191713985
ck_f85155ca5c312c7b,0.19204550249749386
ck_ff090498c4b17ac3,0.023499858595340765
ck_17673a1c2867888a,0.0010689540744812675
ck_cfc2384f22954830,0.0302365488807934
ck_bd2cdd53fca26171,0.013895116576232899
ck_ec1c902b9b9b9c5f,0.11903786894254759
ck_317360ec0a67d27e,0.1702291321801604
ck_3e3ea5d8c4a229dc,0.02527628220092417
ck_546ad962d04b7de4,0.9734193339505786
ck_82f07504ab59ed33,0.040046760602260825
ck_382ebf136f7fa337,0.09569055380237909
ck_ed471e496916ee15,0.0015344929410622764
ck_0ec820b670d48098,0.00377966847275432
ck_0b20bfc515ba42a2,0.004038107463965804
ck_42341cf31c08c981,0.0024564497440016696
ck_42dcf92e9e016922,0.0436463776512553
ck_424c254249a109f0,0.020484030792616504
ck_ba576d6d4cb6130b,0.08160506323266482
ck_529fc3170fd11abd,0.0315693541986334
ck_be48f583f79427f7,0.007823980994439182
ck_94fff69584dd3b2a,0.018173786656363974
ck_6babe5b8674ff51f,0.009681545877182283
ck_7e826e233d6ea028,0.008209251122898853
ck_d55eb81a4d543c59,0.008216070094392106
ck_12e2b5ebfe8986b2,0.006093351374655542
ck_206f8e3cd72768f3,0.026808370581034552
ck_a2d7a563f520b7ea,0.0026236214472335345
ck_47cad6c3def4c9e4,0.00240295906544012
ck_46bc797b4d07d607,0.0019230767375366174
ck_bda299466bb2136e,0.014031477910678082
ck_77fce5f86f00b8f4,0.531382630167588
ck_25822068c86c856f,0.0021855710185166464
ck_9191579254663f5d,0.007064836107436407
ck_311d395fa9b8550a,0.006643298556213912
ck_31e7742f160980ef,0.010268932422585857
ck_f3dcd818db92de7b,0.016132763955875807
ck_150a1108f936e6b0,0.003316233299631021
ck_4c37586080edb7fd,0.0013953645887064743
ck_6f8ae0319c07cafe,0.004394786808793002
ck_fb2a35571ec719d4,0.6450749624141588
ck_e45012f22b7f91d5,0.002788843639456166
ck_70e6bca473bf6902,0.008016220302754071
ck_e7501307c0698e5b,0.0050522885680819385
ck_e08e9c8ec5f23d8b,0.014426767916152834
ck_72771757dfb7f7a8,0.013479606017178142
ck_fc418f53ce4aa579,0.9711225342828282
ck_c1ab40638f04cb02,0.005145031210931931
ck_f01be92dc78a2dc7,0.00776666424526291
ck_703703bda38fdcf8,0.0052706218522765354
ck_a1c78972e4ee4082,0.013842613499907628
ck_255f0e5888ae9e23,0.041690376752239036
ck_3b66196ccf436c35,0.004646290887313382
ck_75fcda73f0b43557,0.026894994274745614
ck_d3e208671cf37f91,0.9566053267073157
ck_233397a8bd40d38d,0.002015083764661461
ck_01e7960c63dca3a4,0.9199309171150729
ck_d932f98bf6b83956,0.12408858798164446
ck_abbd1465fc730d78,0.00308515403973839
ck_7890208951df34f0,0.012030119641837412
ck_be5bd81e3715cb8f,0.8879736211466899
ck_ead68310311690c8,0.7993678181036865
ck_c2bd5a722aa637d9,0.005489188569087021
ck_197f8058cea1fbea,0.0016983216159161092
ck_ab33fb754c818ae3,0.03509637165578121
ck_95fdc264eac72fa0,0.0032024124065951724
ck_02adda6e91e49650,0.014340692210399969
ck_c54643d94d3ce355,0.025223643350993967
ck_9aa45c4e03c8c57a,0.021752734809431747
ck_427b91925952cb40,0.03352091169378925
ck_c4ca1434f3778f1d,0.9850345152696962
ck_89a1a780144d808b,0.009942766881009599
ck_8bedacc6233c6269,0.007264154495700285
ck_f4f83b1403ebea46,0.014947058653240074
ck_a1fd0ad03ff9b776,0.015204025369937441
ck_c30201ebd003fdc7,0.007911396780779317
ck_9fe9bdce982b312c,0.03339405478037277
ck_09169f22194fd6aa,0.04604261747730674
ck_976fac1bb3dd8c58,0.09068688714797346
ck_bac5233623b25ca4,0.006311400801003047
ck_9f83fa5a2d3b9049,0.015185473668151851
ck_b2a79dd3df560f14,0.013766852686896744
ck_62b9fb3db284941b,0.0018826999027064645
ck_aa075c418ed9fe5a,0.005147194268512654
ck_c6abd5d57b1009d2,0.0030669968063184658
ck_0734fd90b2cabd43,0.005410916542289121
ck_bafe82c870356706,0.9649635529566929
ck_e35eb857c61548b2,0.8578276252052167
ck_22b587c18363899a,0.015968062758022362
ck_aa295a11b0a6ab36,0.005140496929779994
ck_d839798f9520363e,0.042862445160270164
ck_8049f5fce32be185,0.8103970895296836
ck_e2ab04136a442a98,0.003323926853782132
ck_c9d72140b0389216,0.011850543970410899
ck_f234ab47061ba7c0,0.0017328664117510746
ck_31fc51d5a3dfe16a,0.005315967751866238
ck_f517f06551e69507,0.0017572384067707828
ck_392cf2cdd515c34d,0.004401728822714657
ck_366616a725afc6bd,0.00958083058410536
ck_e18ac29ea62cb435,0.029498260426185606
ck_170c65860e2a7e23,0.003388822336911027
ck_093e3a7134e11d6b,0.005222996092728735
ck_d111c98b36bdb791,0.002268525936651211
ck_1ebd574406235957,0.007268167253223128
ck_65519d0fb137e0c5,0.0026748741223875504
ck_ddc3fc99eaba2064,0.040000770517315626
ck_1be8cb95d6d9bbf8,0.0018364038392663156
ck_242521e261148fba,0.0046546037388967365
ck_110608c3b03d4038,0.9163815992185609
ck_0dd7c5925d28755c,0.002918055567311658
ck_f11be8ce05382cec,0.004324324958322252
ck_129ffae92dc01408,0.0010547866169949805
ck_b0b9047dddb1ec84,0.8801547218651835
ck_b4954d16b9749829,0.02039144659496579
ck_66a8325f28be7562,0.004957428449425665
ck_e1b1e7a7e4a15b3e,0.002126808343397167
ck_658b4b54be09a4bc,0.9867381481938362
ck_77f8c5042065d506,0.003721537466956474
ck_b003e5b54df65db4,0.024419044148548306
ck_ce81ff9b8b35562f,0.0040202305787534415
ck_d27b872648b71202,0.0042655818392144385
ck_3acfec10eec32f9c,0.005157460437996265
ck_813e02e1ababd177,0.005583632359600615
ck_ad9a18f58589faa7,0.002586811601308546
ck_62f5cfe22c952694,0.004681693006109431
ck_a46c1773f01f0be7,0.02149438121941967
ck_405b20ef9ad0ba5f,0.08506042480770348
ck_f948e8a8fdd79b4e,0.009943561990432977
ck_81275d9d4c559e6f,0.00577732401210455
ck_40e84e6ffe788a4c,0.022117677420342898
ck_17733f75ebdea93e,0.0023220781685323304
ck_4a1f0172d3bf4fd3,0.00298905283352001
ck_01ef1036b2e66a4b,0.0027415278316787776
ck_084a85145c15ed77,0.0031772745425766324
ck_62f46226f244139f,0.023756873904088774
ck_43637d28c7216453,0.0015455200095764088
ck_fcdb4fe2f095fba1,0.039621051736723485
ck_9f85fea4490c00cf,0.017189027276989958
ck_83e5979334345622,0.04251310039666985
ck_231ae0329ebc3220,0.0022278926626548676
ck_a49a2c1f881a3560,0.0024310927648409954
ck_88ab6d245228c38e,0.0007403466281832704
ck_b62276c3426d680c,0.01050071842932489
ck_def344d68f06d749,0.017460773177950282
ck_8b19bb5b23b6741c,0.008905421525085841
ck_c009c97d5fafbced,0.24565995572708793
ck_9e298cae167f4693,0.003334500828489047
ck_84d62b8196da2452,0.0072222999546222195
ck_6f73cdbf9305e2ea,0.008584074687292161
ck_4c1fdd1669c7cf51,0.001374843282968952
ck_744eade757ba69b5,0.050853826446904164
ck_b0fe4b92fc70f72c,0.0029248700294950847
ck_dd1c490050cd9051,0.032281906422185626
ck_17bf38d51115a8f3,0.004327731030867693
ck_166aa980cc87fa77,0.018789277337492114
ck_f17ed7e0fd687742,0.02543588450363271
ck_26896c494b2768ef,0.009106499921204275
ck_88ef9f85948e1a01,0.002174804506146782
ck_a28d9bb5590d458f,0.09782018758990538
ck_8b8b9de339d75d0b,0.011046211567560516
ck_6715139e240007d9,0.004547691037439277
ck_139b54e6ccbdd7da,0.05859478406303776
ck_66e81a4190c33510,0.01190318930621001
ck_4e862c2f48c38aeb,0.0032818536905547396
ck_1a3ff7620580a514,0.009937505778334767
ck_f33188c232a03526,0.12779694934499983
ck_348c874eaf0354f4,0.011088776233190826
ck_931510e384b1d0cb,0.003579005803007552
ck_e15252ebd7553422,0.0021716033499819647
ck_a3cce46d15cc20a2,0.024513101536698643
ck_0dc1e536231c4860,0.010791257371463926
ck_f92cd37022b0ce21,0.01116160335572278
ck_bb99071e8f58c8a4,0.5157528253905592
ck_06010f0df5b7cef8,0.007665900038746041
ck_ab7cb50407d6b13e,0.010837369241872445
ck_16a06d58d71935bc,0.1724524218658761
ck_68f56f6560a7a933,0.003365104239760434
ck_a019151ca8e7527a,0.007403317903612159
ck_d1b9e5d32d2d789f,0.0021251831677123025
ck_615763afc2e17a7f,0.001537947847790667
ck_5eff0208c74ec714,0.014008358699525271
ck_7eebd0e6ad6c070e,0.005719366488892831
ck_cd4c63155570d6ea,0.0038543759655705664
ck_c5414d7a8031d4f5,0.001938262677754063
ck_9a88a5a989cb5bc6,0.11348030721627593
ck_541a734fc457246f,0.02179772719870593
ck_861af5a9a9a6d619,0.0038824551185125894
ck_2cc1d9b587f6da31,0.052782282829774714
ck_7084ed3cf20781b7,0.04478183018536283
ck_e02f93f51cc8caf3,0.003247312307668601
ck_9a930faade55b8ea,0.001387803737991397
ck_0afa4449f20d5196,0.0028661291447815967
ck_4d503c41cf4e5034,0.00598520840048146
ck_6ff0fc7487e737e7,0.09424105521424739
ck_b21d8630387cabce,0.0007035635055979087
ck_bfd9bfc5b6ab4a54,0.06714177392508344
ck_629537d8b4d0f395,0.013192398323027207
ck_bfb067986660afe3,0.052839777609545766
ck_c1a31690c8573226,0.007845399430012385
ck_94c9a4d382689e82,0.031104953090202926
ck_397c03aa33a57310,0.0901620250609849
ck_4b4a3c5b95c55b43,0.0009267626686147471
ck_40780fc0f8d6f309,0.01072748832452091
ck_72022008a92c9386,0.008748188461529319
ck_0af18b3ce015d294,0.0020954224374821803
ck_a481385c2e60dc4a,0.0019760388477334813
ck_e49b5e4f2f2e79db,0.4180063714686278
ck_cb88ef3dc1f42225,0.002358819066930965
ck_a4e2607b4c8021e8,0.001193723159606706
ck_8aa8b9968233a1ab,0.003139592683409486
ck_cd32e58e8a1c0e85,0.012331809588237801
ck_69b5620e00ef5dec,0.00131368670364482
ck_0dbefdac0a1868fb,0.0015154050312853294
ck_fdda581aec411010,0.0017007042641856804
ck_35e411b05d22f663,0.005043912958302377
ck_11662cc7940ffc82,0.045965650256813366
ck_4db6d4fd2b49aa81,0.02706732794487073
ck_cd0e76f0e7bb38cc,0.005642504815136688
ck_cf52e46fa54e4540,0.0009619133018758227
ck_337b930fd149a696,0.006239165143635984
ck_86a61d9a39768e87,0.016634107444239626
ck_8424bf65223a5a9e,0.0019927492503767075
ck_9625a64406ea16e3,0.001717982256116195
ck_ed0cc1b1c28f9511,0.01995675994923741
ck_9158bdbb63ee8987,0.09834718930629402
ck_2f241b97c0f8389e,0.010657307146172978
ck_473d6314ea614b29,0.012392725217091696
ck_7443d6dca8cd1352,0.0029836190866192863
ck_c6fbdc5ba68a8466,0.016188279023423013
ck_6cb7c97b72d6b5d3,0.018197344850795636
ck_b43f04431c267dea,0.0012349042204194325
ck_77b2fb17c29f5e72,0.01332137019187792
ck_b1c51fdafcd80122,0.02206268414860868
ck_819bf3e8231f4081,0.008827574362192716
ck_1dedcb48ac381a1c,0.08195106475570912
ck_888651bfc2c8cf70,0.008694997367955894
ck_af0a6540ea7a36b2,0.004339402415396748
ck_97e980463aca4644,0.0025183785467286193
ck_6faf3e6820398866,0.02404717863064999
ck_d0982b4e0e118e4d,0.005013522451861135
ck_3f5e8f3f1df0c8c7,0.05964885888137136
ck_5d8481e2b38bd99d,0.03172646496820172
ck_569b83668d74042d,0.9479470123148428
ck_f8b6069d7577fde6,0.0018255838666211082
ck_837cc7fd48453a01,0.008503663946785298
ck_2973b8274f0bf69b,0.032231928313127815
ck_69bd0b1abea7e1f0,0.07232379309999963
ck_fa0b234481cb57d3,0.013507426143206472
ck_cbeca201dbade3e5,0.024211548343807978
ck_05a00b1dd5a03359,0.006141862177227039
ck_77c0fb524edb4a94,0.007585195599337472
ck_e64f0df63e1be595,0.01976494074685979
ck_5c7ad6e731b69333,0.713808034577248
ck_b657ae3c146cb7bd,0.00464464201730582
ck_7dbe24ba01316775,0.017744176519571008
ck_0e3f80c1553c591b,0.011218558941002531
ck_3edc45db58760d76,0.0010933280692638117
ck_24ff97ad90bdd69a,0.05155881604363349
ck_263f6c5ff26b5e98,0.002995167310407611
ck_437afe412ea4259c,0.02772073331185103
ck_ae8c9163cf957d7e,0.009467505386672214
ck_3f8571d4f7420b2a,0.027549073944011078
ck_e6465c56b337e6c2,0.012059394128023856
ck_7dff6abe4bd644dd,0.5233249117408106
ck_27fa694569140345,0.0009115468604504369
ck_cdc55623cb16e6a9,0.002329255919360361
ck_b08b3f089138c901,0.006721922993513027
ck_79da63fc100830b5,0.009491923791567412
ck_4339f86c87289222,0.8016810804240955
ck_38ea56d43afa5660,0.015232062356477711
ck_33ecaa7b892e73df,0.015769547049946285
ck_dba767885bd6ad69,0.003999104708991354
ck_b109ec4c63503030,0.013298772645279098
ck_a7f522382509cef1,0.0030427517642291286
ck_d9143e236eef177f,0.014245960000383934
ck_f790d91e5ff0eccd,0.25363275860150414
ck_064013b0957d87a5,0.991512523111385
ck_643f549b4ac78a26,0.13501926799663427
ck_a07e7409d6d5aa06,0.010238142601342416
ck_c37f03995f0f0169,0.0011012047505682722
ck_8929d2eb09872052,0.08530473338994135
ck_27f20337bef5ffe0,0.01634371574878693
ck_7c67b73196e3d0d9,0.0025881586015387135
ck_e30db36e376606f7,0.17234247687353405
ck_99b4f266b61ae7ee,0.06701977345534071
ck_4072b59388976896,0.00399312100428612
ck_21c99e1d6b881894,0.0009380593513997251
ck_ab2aed614ec1cdf8,0.013476210934172568
ck_a8cac8d480306839,0.002008992633745724
ck_36d37be780c1291c,0.003068743725901432
ck_7b3cc6cc3f250f39,0.0613120912600712
ck_b6673bbe61d2680d,0.010379900676014827
ck_c251898b5d51e3b0,0.0027688109931206335
ck_69105f881da3c821,0.009676966546035736
ck_adfb8472d5c3d669,0.04014015178635234
ck_4a24ad61d017e1ba,0.02134707700719206
ck_15ccbf8ff7d14086,0.006026306113949997
ck_c4bcc7cefd40f8e2,0.0011156468340897893
ck_8d5eda29a2cffa3c,0.002987053132254931
ck_df65967b8b40319c,0.0015984394803750775
ck_329f7de7279e74c5,0.005721219652562717
ck_d5b8e74e7ca6355a,0.029143230958445676
ck_faab769cce19879a,0.021001230017496635
ck_9b552204498b6762,0.0168195095286301
ck_c7dd84401e29a7fc,0.0014456749530452992
ck_14436a409ebcc90f,0.006403732355338873
ck_f09165d73ee903b1,0.005369550750905671
ck_3dd542c2d31be2c0,0.009800077882587166
ck_8afc1112c12f5402,0.0061638137805447605
ck_4682fad271d47eb0,0.8785226428522284
ck_9bf0d28119fc42c8,0.012297464741993041
ck_4610a073bb54d1b1,0.06702839166008817
ck_f781539b1042dc83,0.003624206777575384
ck_3199b471575aeb3a,0.003913430745311738
ck_51d3e8dd7465c015,0.004691455987882986
ck_bcfb7ffb7cd428bd,0.0032577153381292785
ck_8563fed6674afc77,0.010835292318627635
ck_89c8b06aa8c84b2d,0.03628878491169714
ck_9a2fcccb82da663e,0.012359115337857822
ck_e7a3cfb9bf908e80,0.019050819083195836
ck_d99a8b4c820eb46b,0.0038332348304999427
ck_ae2ab6be219219aa,0.0021833537798721615
ck_a0dab7aa9c4a39a9,0.0021298963716023
ck_604e1b8a8c693aa7,0.004539966743570114
ck_17c4296276448afe,0.005791939483697262
ck_9e9a830785112a73,0.03158447263810807
ck_2bb49dc2388cdc1e,0.0021137530672747833
ck_bb303568b6915205,0.055705999314373075
ck_ab1bb02f6b189304,0.7689021243117045
ck_2675e7a008e584a7,0.010363067973513721
ck_9880410fcd10a28e,0.0011942000447179122
ck_e73caa3771ec5e0f,0.002784879192960326
ck_74928f5f91aa12b2,0.03550019836870491
ck_eaebaf4d28400fb8,0.019377267372865735
ck_ec5ea81cf813597c,0.006113715026398356
ck_423ff4ede6a9f066,0.009646295346178524
ck_205c107cec528414,0.8994656502757751
ck_1df66f537496ca59,0.02635270481177767
ck_3646515079e6be55,0.006265808616446811
ck_b2c896beec146477,0.012866277827739084
ck_d80283209c963f11,0.0050782118100533395
ck_c4524993ec31dbe5,0.002225146355517677
ck_9f7807ed64cdb728,0.030385492585041696
ck_8550f229b5eb03ab,0.0035229863457806117
ck_4199342d3aca74e8,0.03279603966328219
ck_3135c019696ee6af,0.9701645728266186
ck_5d01200ba3341462,0.0077825773531738154
ck_a54dc042ebb7c766,0.12431078881118127
ck_ca5b1057f8248f73,0.01379048543887106
ck_1f7ee7b23fc6f2f4,0.0011852424670103874
ck_92d782bd9ce0d1e3,0.008570916479582193
ck_7b35d218ed0c5a60,0.007747370142514305
ck_eccfd552aa652d3c,0.004343945520020406
ck_9b6ee35e8cd0b11c,0.0015981922132108886
ck_d838491d3d4f5ecf,0.0034761082356259514
ck_3a34c3ac83cf84b3,0.002011918809517139
ck_c08f622bcd6de6e7,0.023892495356163456
ck_2d634e3f24681c0f,0.022226974784877986
ck_956b5af6d7d86c65,0.9513837577459082
ck_9332bbc7125219a7,0.004376063434303234
ck_8007824431fa803b,0.003102348080341161
ck_54b087bd873af8b8,0.005356682435579206
ck_e70418b00cbbbac9,0.018089588895663887
ck_500948a8d4bd8e13,0.027268534394650552
ck_48e84b0cb0b90fa7,0.027380994325321147
ck_1917ef3e6e345549,0.06572334636494902
ck_5c33bb46c1a5945b,0.013999919278048865
ck_b51a58e7f032c9a8,0.017019768417348816
ck_188fdf2be7c92e9d,0.9890798303897463
ck_4a103f8254b366f7,0.003958911411895777
ck_4388abce33ecd01b,0.10206859271006141
ck_321e740066fb05c3,0.4098663221724833
ck_c93def7392f0aff5,0.05233815307882815
ck_8582490d6e365a63,0.01340842385686079
ck_bfa17a0b1760e616,0.0020297682815663626
ck_65a23ac8e44eb901,0.0031335361205387215
ck_bcc9cbc9ed8b7c31,0.014089057351476062
ck_6426427efe3228af,0.01920760605725972
ck_eb264d1b180d4b4c,0.02838187717220908
ck_b7af9b2ee0eebbc6,0.030769596888968576
ck_79557434c129ba52,0.003392638988832129
ck_073da541ec3f9d3d,0.00467228747106317
ck_96dff7a09d45f116,0.06174626798816462
ck_8ec86e853ad52828,0.06460912869323072
ck_64f5fba6af67e024,0.013061323553308324
ck_e0fb11fc9dcb34e6,0.00972973413955261
ck_361f535599110201,0.005235932438098555
ck_34b0988a97d96902,0.03854541260792837
ck_337c5684510cf432,0.03673542013286697
ck_258d661e450ac870,0.0025041221533144403
ck_6b55ec4e87a5e22c,0.7302462824799163
ck_638df9e8a22dfe0b,0.003275832959322608
ck_e36c8da1bd359960,0.10429868865701115
ck_73188a826b5f499f,0.006301455843874673
ck_286bfd719836e9f3,0.06619062360611916
ck_a209a5f7d172125e,0.011977909775277469
ck_fd0483639811f62e,0.02692826275216019
ck_0d16d9349e4a9e08,0.03166228694146334
ck_fcf5d4a4748cdd53,0.0032819049684457233
ck_61e1f7168cd9ff25,0.014503090241823443
ck_b7f4baa2cc82fe61,0.006655399119395836
ck_437f9ecd2016a1a8,0.0024308345723794505
ck_04219a7ea798db51,0.05338103211951452
ck_644b1c1149eea9e0,0.0074979472237318235
ck_bfc82b3c1c9f2897,0.8695532432753721
ck_9cf44eb0237c2429,0.005388721440971982
ck_2106e509d77fdb4a,0.8133221798480093
ck_49a0efb5d4067b6f,0.09494187259342368
ck_82f360df1e9f4eb8,0.01886600785621031
ck_9986c7d781ac6b4e,0.008383663807300937
ck_c8413898f5f7cb7d,0.03475021735053517
ck_b3fb83f0d772a831,0.008364087517119577
ck_a2299b4f530be0d6,0.06826591773535935
ck_fce0b6855886a0b8,0.004662511329097447
ck_162513e73782929f,0.02644946135927391
ck_3e9e3bba8bd363af,0.0028408763777713836
ck_88cd35378075c84f,0.0023115636202151054
ck_20541686a94fb71c,0.011433401044600021
ck_fa80da579ea9afc0,0.004532690251611729
ck_7916e53daab36745,0.045777479823703726
ck_121db7ba3be29ee8,0.031652665607221755
ck_01e5986ebb9a78f1,0.015347253607573302
ck_6c26c12071c91ff6,0.002441610854945578
ck_0e6e05c3cc8c8242,0.0049541760972988316
ck_7738eb085e5753d6,0.010411645863471111
ck_2bf10be403849c9a,0.0056097604835837235
ck_3e6f35e4500d2f2a,0.0017992161616134233
ck_7a9f241d5f082567,0.002395015344364586
ck_247589ff532f7aa8,0.010751278701223742
ck_d1c787c27d50af49,0.04186685116921647
ck_49c98bebd1338879,0.0013172648584364637
ck_9afc3bb849f3a64d,0.007345031109699426
ck_1d40e4fc541abe93,0.12138802166876615
ck_4fd9dc00e1913587,0.9640819936503752
ck_c19371047a2d011d,0.001813556835985189
ck_7d9f73dc7c4f90c3,0.03124902949573483
ck_8c84fcde93a04334,0.6882027781477835
ck_e09c97520eb0533c,0.0036504434621623654
ck_a1e13c0d58560340,0.0015028154088660808
ck_cacc2ca410cbe80b,0.008616891250200256
ck_dad5cf32ab9f243f,0.002943101724604125
ck_b2cb9e6610eca967,0.02082097146569819
ck_1da2f69023ca4c13,0.001010755644136654
ck_25122cc0e8b1a662,0.03520208863243596
ck_dfee9de05e3971cf,0.00240963263502233
ck_ca54b32fca7e94cd,0.0022160935242701066
ck_384ccecd342a24ad,0.001825185154437958
ck_6abf8302ce052451,0.04246196311316078
ck_6ffa90143838a4a2,0.0017098652009281674
ck_34f9951b0eca1965,0.011415518509653676
ck_9385f5a1eeebefcd,0.042565458527598084
ck_3df8da6f60a89a5b,0.012487285740401831
ck_08ff5bd467226a5f,0.001020362732667097
ck_6eceeafd56b42576,0.01231947918461092
ck_f744e208183971f8,0.0010452998171911528
ck_7b45ed23304a854b,0.0068472867106888465
ck_f88c79186a082beb,0.17129178842230988
ck_b78d785ca3ef773a,0.00528967876478002
ck_67207e3eecc02d76,0.06849229215791769
ck_7aa8bc018c2b003b,0.0015432889238020833
ck_676fa5f6aae5475b,0.003217247825196763
ck_73c18e03e3c7612e,0.001348484531539444
ck_d91d9f8445b9769a,0.8648361253721506
ck_f6a4a7ed27fe76fc,0.0240119000937654
ck_8742114f4f0cb22c,0.05953593958059462
ck_5c82444b3b9160ae,0.00639980166717389
ck_2acb54ca20c3af6c,0.011981529283767526
ck_15b93103ccd38609,0.004654693889095883
ck_16541fc15683e21c,0.005036653809341497
ck_039e6d5a330cea1a,0.04660291330448894
ck_d8116c34302021d7,0.0012729879486598156
ck_e03a9d8ac94161d5,0.0023172512758355916
ck_eeb854318b3a6f0a,0.003586059927299999
ck_e9f228845bf6e28b,0.06711185287657456
ck_203c2a22c0c165ac,0.0058646857128790775
ck_5b59e859bed5b40e,0.0116058395564369
ck_7b61717f172f9317,0.9317098843552496
ck_114722e12db90a73,0.01013745683580696
ck_ccc7916b56d42195,0.0031072287416737273
ck_2dd147ce6d61749f,0.02593829369362767
ck_9ede51c8434cff6e,0.03819484346049787
ck_88a8b1d442ca3686,0.018893544139248108
ck_36d2be9012f7909e,0.013518308914574445
ck_495d814d6d6d521e,0.0027682300139898657
ck_6f5bb0c930644cae,0.9876821557241016
ck_79749eca42ff1f5f,0.007337282951141391
ck_cebb8aa8c8f62c60,0.0017927372856757777
ck_349cc5edda1b8853,0.012808991089572725
ck_85df7b7de9700aba,0.002546792143440708
ck_e0983999ca26c19e,0.03068412548262664
ck_d879d645d6e44207,0.0068037957362071955
ck_a6c02ae50932cd9d,0.003012425996489285
ck_50176dae5b1b716d,0.008495398744100255
ck_d6880578428b965e,0.1587582442608736
ck_f51fe59cd445d2cb,0.011546672870354931
ck_8440ef1386c07194,0.004575182028136524
ck_28cb9b03e89263f1,0.0015786923753900652
ck_5ccc1a1c78cb33ee,0.023085041635069786
ck_e04166b0ce66393a,0.0033184515718807294
ck_72ff52c4824072ce,0.0395189390142332
ck_11f85bc705dbe036,0.09424268960991032
ck_89f3e380b0686963,0.0020358335581948245
ck_26df74feac7ec51d,0.011728228373775226
ck_a9812ff3c111ea94,0.008210783111446168
ck_bf6fb7e6470e95cb,0.0012731177314205424
ck_cee4e4e1b62bf82f,0.011144631051446297
ck_7c560467daca735f,0.0008527790629094327
ck_f72a5a3b0d6c1177,0.001319249069155878
ck_5fc90b4668ea81bf,0.012503296424902433
ck_c2a5c54ad8d0d297,0.009848978078841232
ck_7508aa554fae6afb,0.07795449064600316
ck_003aa842b7ca1d77,0.33062494561084765
ck_573feefba6bf78bb,0.04791337110256542
ck_83b2b192f41ee2bc,0.09765061743125673
ck_64796b6b2c3c7f06,0.018658636927583804
ck_5fd8924732fe403e,0.8368171659932924
ck_1d96d7fd65f208b2,0.03590875977031279
ck_9d00823bf60388d7,0.018025217514688486
ck_0ee6965e68efc177,0.03404130534850773
ck_337e98c69f6e7886,0.006760737760653276
ck_b8e8dba20676d87b,0.013515503368444712
ck_f8ac3a0500c0ec62,0.015299915853988835
ck_577c816b41cab002,0.9440421479938714
ck_05c97fc9de11aba6,0.553455650256707
ck_c82364d87875a1a1,0.013954416756027415
ck_e43e53cc7b8b8e41,0.011326506962958997
ck_d07c5b0321c685ea,0.0687989727089992
ck_16077ac345472e6a,0.0025173803887753162
ck_e07fd57565c94c28,0.05644867693817601
ck_a4d6e152b0076964,0.003331366037540355
ck_9929723f65636c7f,0.9888937984106254
ck_d90b1d03ae151f62,0.018786446366875126
ck_a553418f2fba1440,0.008987953043695342
ck_105b0c93573fd5b7,0.9055378063203459
ck_2a01e610348b84f8,0.017469788067394514
ck_df1585c7d72a96e0,0.0016794334164802476
ck_df520a7a6e405889,0.010026078668500757
ck_2d9524787cfe1ab3,0.8688456590872253
ck_7f15b50b29dead01,0.006948179307982829
ck_fcb2a559474c3493,0.008404880170897041
ck_e5ca550b39ed45bf,0.9478699681109276
ck_d2ca47180a926ba2,0.02230900555465991
ck_0a93ed76bf36c8b6,0.021566415314598443
ck_406c4442dee45cd1,0.0014718424229116303
ck_56de216eda6b7fa6,0.0016291995089378185
ck_3d56b477fe2370b6,0.052283223053378965
ck_edfe8e90e8f4366e,0.00491991111688801
ck_2096d32f3d497ea1,0.058502339739688665
ck_c18245be844680f3,0.010582995218859047
ck_0253b3e7be021306,0.0022329265686003245
ck_fa5ba9ed9ed6a343,0.025495139078676465
ck_c9c99e5b19aeced8,0.002226914518027881
ck_14b4bf7be6ac2b61,0.03800520862892548
ck_b7df99aecef385e6,0.05009668832778008
ck_17ab3068fa303682,0.000974822372058249
ck_592a3520d841d11b,0.033903489747743404
ck_094974d75e29fb2f,0.05955650777651665
ck_6cfa71d27fc27f92,0.009820214742701379
ck_f2ddae2eb1cb29b4,0.0036454479154160203
ck_1757fcb0e6e3f88e,0.03629107725055275
ck_7afefa349b960a3e,0.008807188811949737
ck_487f7fbc290e4ae2,0.006449406079749597
ck_28dc0de0ae291f37,0.016398966247494463
ck_2c2f080ba185016e,0.012710642104009491
ck_f4a2bb10afa85743,0.0032209223193503853
ck_9ad08fcc183ea1e7,0.0027030121483743387
ck_d08e00c842b75176,0.0015938870628758148
ck_a3be871ca22ac416,0.005013249693739463
ck_ab70961e7c6695b2,0.005633222353354766
ck_c6200734c7f9b2f9,0.9516223756755604
ck_d0f470f8078c91df,0.0074229087761745255
ck_11c7a58e09e6547b,0.020955340263615268
ck_2e0eedaaf2980c2c,0.0020760434639378487
ck_0e2bc3a5afa439d8,0.04948179127585211
ck_c416357d20238a4e,0.0041939165920910635
ck_f0c44ee5e3a42e3d,0.012536783995460207
ck_8342e08cc2f9bcb7,0.0022843698032759575
ck_93c0cb3dac4891fe,0.005787716787586883
ck_5c5284c45d9ad8bf,0.025752598465778275
ck_3954b7b0fd1d6614,0.0015223355648403907
ck_eb1ddfc353b4da83,0.0036376730010723706
ck_ae668e4564cd2aa1,0.005154508737727277
ck_d89abbab3d4957aa,0.003200836686023511
ck_364f8203a3e98d36,0.7407786825526999
ck_004fe0daecbe2c1a,0.6019412353151904
ck_a31a64a39a2c4941,0.003114784706143509
ck_c49f25dfb39909cf,0.011792873415637329
ck_4ab74a6e7450416c,0.0021247856601290145
ck_55f50a9ae2db8ff7,0.004541557478035806
ck_7a86ef4e2beaec38,0.001907921356111568
ck_f67ee7910d532216,0.016850846261315295
ck_21860dd2159dff28,0.0022439867861664014
ck_63560eec94b76d2f,0.01152964820013171
ck_dd78cb6ae2866cc6,0.028087145715184173
ck_c1f4509c8f5dac5c,0.003614789315854778
ck_b921af37d500e139,0.005398669505293121
ck_e23e50e02cb3904d,0.0739469641805655
ck_80c4e9274cf976b6,0.9877708192918438
ck_4c352dd3e7c81269,0.025665099158160412
ck_1cb6dc67f9a321b5,0.013724912573080394
ck_497ed60723283c0b,0.004116259680580558
ck_db23a5100f338d72,0.00523292854326814
ck_57658eda1c59bc52,0.005491619878811541
ck_94410eedfca91304,0.01723410368599032
ck_eee99af3598311b8,0.040503061550020286
ck_832341c98254bd84,0.009539860003192489
ck_094d10439b7b4eac,0.0030310032470665096
ck_2493ee8e7b91d304,0.016540157168791873
ck_254a7c97c36dab8d,0.019782324640242606
ck_f268416945316815,0.008778435312957505
ck_59e77e3a81f1fa0d,0.016820666812202515
ck_614ef655f0685060,0.22203751077353778
ck_04d2ea38ee27770f,0.0019031699089786468
ck_b89c6fa2ad0a12f5,0.009529270745475141
ck_1805fcfc4a9e4ffa,0.878984522580252
ck_3f5ae4673a9f858e,0.005415072999734738
ck_ba88a244d5f7380f,0.025236050424254163
ck_fc832b0c90c9bdb9,0.9065911983333845
ck_7109923fd7dab20a,0.009984435899392406
ck_a97b481ade6f7972,0.01588426826246216
ck_f56200205280bddf,0.018201590255693942
ck_754f30ea19df857c,0.018015988943840648
ck_59fd11b3232de9dc,0.8984213962161856
ck_7519260415c2998e,0.01666558376871019
ck_b7f5acf5df1bb13e,0.007158183055623182
ck_46656a23f4456d22,0.8992086645759031
ck_994316fa5a02b319,0.0022733940968758404
ck_ccccb17d2ca6ce94,0.021008748406826462
ck_269f1746f2609ed4,0.014937064744938475
ck_3521243bdac61178,0.010134213049658912
ck_cf920313f6dd28fa,0.006730884745210261
ck_75d2a2715259c4d7,0.01394882686467345
ck_616cc31910f5de50,0.0031267451430888864
ck_31e70f2f04b48b88,0.0013925893175296541
ck_76ee10d6e2dba70f,0.032728255922010625
ck_05b2b04e11d9ae9c,0.009803796196898874
ck_8089fe7403c5f537,0.012633968889776269
ck_3209c530c9812e39,0.00359717001318917
ck_fbf7351958ad9615,0.0037486498809100356
ck_0adcb1fffcb0a34b,0.028508970585477723
ck_8f6ca5d3b17eac6e,0.0014905855006606518
ck_77a40c7d2f862a32,0.00927094863083708
ck_73de0b49709e5f8c,0.0024379323201391256
ck_e3982142336782df,0.004247455495947645
ck_c6a7bbd0adc4d5f3,0.01839732057209622
ck_fb04ecbaebb774bd,0.007075559833428134
ck_de7259c3741db179,0.008715297365678573
ck_b6f2a2fd232c141b,0.005434725130703645
ck_91fa5032f7aff0f1,0.026251936379910037
ck_c5f8ab515840a0fe,0.00588180155806152
ck_b0f8f5408662337b,0.002813702981018307
ck_eb4f4267e24d042c,0.004308533697117537
ck_8cd1b68dd74b1375,0.07353011378428236
ck_3398551e81dbf3db,0.014238846854001098
ck_9a881d5433126ada,0.005724562971454064
ck_9fd0be2c018ff5e4,0.003054729140196567
ck_364cde38958b7af3,0.13836108993138627
ck_8c95aeec6a4c75b0,0.002351953206577894
ck_2595669e421299f6,0.026310480927172378
ck_1402d24dd623df72,0.014252117646977553
ck_5c2d43ff841632f9,0.0057220063985342
ck_791d5392bbd80447,0.03061036097455891
ck_f6e9d14dfb6f3c28,0.023616871166662622
ck_18df83242ff3cdbb,0.7591664457622445
ck_c363d3b050baf3b8,0.012345173047560875
ck_f8540cf3a8b2f8c9,0.03723237288260698
ck_dbc487cb0a6c18da,0.9165799879494877
ck_98831b57c7ca2e4f,0.0008930768132937817
ck_a6c7b8d6e8596d4f,0.01658927957731172
ck_13f2560c6a1ec62f,0.007969412059620384
ck_6c48c58678f64bae,0.0022254237630941333
ck_e0346d5081e640e8,0.1027041755239079
ck_0c9e420f97baaa06,0.8252257802042828
ck_da06d97db0b18851,0.0024518784239705286
ck_6e4f31bd108571f0,0.001187807292925986
ck_120e995d50956bee,0.018306288745168712
ck_cbe525da0b69f18a,0.026336056181347836
ck_b62f3e3185251f71,0.0011760912839639229
ck_1747fcc466f0ae38,0.00230478228806636
ck_c6afa913168ce8fa,0.0022749444455611298
ck_e12a9f7d027e3387,0.005137364013370197
ck_ddf787359d2b5deb,0.0005782062515625485
ck_e1140be6157bacbe,0.0015722638466420537
ck_47d3e8d1dd3fbcef,0.015324188723622302
ck_f90293f1eba5d7b6,0.05077546236658792
ck_2f6e64f638da0f97,0.0017304850468841297
ck_25dd0b02af5b2f37,0.07408377144741882
ck_a2637e4872cf4811,0.06640126388034795
ck_2ae44938847f3852,0.009690204541590735
ck_8347455ab53ff620,0.01202212012024767
ck_7aa2deeda0e57412,0.9901035926596776
ck_f9c4f8b4ce2691f0,0.011045305743736194
ck_e5f7b99ba6ec5767,0.020925358505748323
ck_59371c9140239fd7,0.015244784596716484
ck_3380d60067b4634b,0.0011129528348032562
ck_27466468d06db4eb,0.015557983899863286
ck_16d2d27fadeeacf7,0.003441316642712048
ck_0d5c0736ec76385a,0.0017497770563956773
ck_8053f1879a9b4e43,0.0033362734242544196
ck_ecf9794349eb4b3b,0.039251930728088275
ck_913ecdeeb8e21a9c,0.007552113814108995
ck_687eab3ffe1f8cfa,0.019650619517188037
ck_e4459115cd8e5e4f,0.007245482828922733
ck_1964ee9db929a173,0.893509991055428
ck_77fdac602d0c6f95,0.02159889259020965
ck_1a28b6a40a6bd3b4,0.05862837654971212
ck_bf285dd49f372de4,0.0064781208381625485
ck_eb6baff0f85ba936,0.019848173052169273
ck_a9bf75bea912027b,0.011692376334076106
ck_bb4aec09d4968dda,0.0817285474317206
ck_48011996d54855ac,0.18458161220855965
ck_a1b4c96faed3e0db,0.015660666681845566
ck_8cb20053914692d0,0.02146482830641173
ck_5f52728d777ff2c5,0.00911424719378871
ck_d66f42a269d5c1ed,0.052938587720287485
ck_244b897bb4d57c1f,0.00434766394786491
ck_4eadbe7298b15e96,0.00914781931602586
ck_179039559ff7566c,0.014335405444410474
ck_a60fe02fc04407a9,0.012873962781888577
ck_baa47383ffd50f04,0.0047079870626427055
ck_3b1766a1d51f8f0e,0.7762163039291106
ck_abc54ed7111e9ed1,0.0027844073087205613
ck_2a46b7ca55239413,0.01892132457542207
ck_4ef9de711c3d93b1,0.056189091212984
ck_ff822700f3605e06,0.9968041113343997
ck_783fe5bc20cd02db,0.024837994871421656
ck_ac9d3d9754104cf0,0.0011380097524154686
ck_9800c21dfbd8e811,0.007835449195881127
ck_454b9e21b7f25a4c,0.0017175292876774081
ck_17946516d5df71d7,0.0034564933572768654
ck_b7e7f7d0cd886412,0.048365718757793635
ck_9eb5b3f5f672c2b1,0.002038005276493248
ck_089e3a07abbe3b8f,0.005923425460882787
ck_6a28ea6ce69cb869,0.17106343379057498
ck_3be854e42e76569a,0.009313587088349907
ck_d3e2c26b8adff099,0.01138209764936758
ck_47de038381a9cd65,0.0452663528416498
ck_e26a6659c237b650,0.022757270922320695
ck_7cf301d075e4e709,0.007959803378858125
ck_c56a44fe315c0389,0.007696030613205156
ck_0e70516fa07cfb17,0.8585628452219769
ck_d38f941d09eec820,0.02584814613918401
ck_d6a290ff8362c7b9,0.06539241155620643
ck_cda72f597330d0f3,0.002157310445038925
ck_7c4f12d70f184533,0.0020623269634721737
ck_bccbf9fef367f00f,0.00898954421951184
ck_710f867a3bd5898c,0.002093606730904439
ck_be05447853d423a9,0.0018354986441214214
ck_0414507baeea936a,0.05033684504398009
ck_60796eb60fc3043e,0.004034688287420422
ck_d0b32e039abb8200,0.003058371957517243
ck_9060f4e7ab7a1b0c,0.01278730485267061
ck_1e0841ed17fe0562,0.013244070693920642
ck_d523f0e50a2747ad,0.0020659042296244296
ck_e322da8b213eab52,0.0013132006498431975
ck_54b0b070689c50d6,0.0015547491008266253
ck_e7dce27edb700f27,0.009373886550566686
ck_79e45040dbdd6447,0.010568880814445627
ck_259eb102342057ea,0.006545162541318947
ck_cd92852d7376a4a8,0.0011258484436891798
ck_a705c61bd679496f,0.004755800960768338
ck_4bfeb78b47b7c6a1,0.04474457264220686
ck_f7112818a6d81422,0.04928565026219066
ck_c2504f5a113433ee,0.002072738728664676
ck_9915ceedf63a5289,0.026289411173767457
ck_bccff46fb0868454,0.1065706187934155
ck_db8733fd92f20cd7,0.0032782853337354747
ck_8f3ccbd20d59f1f4,0.003818861280178126
ck_f77dfe6512eae322,0.013143102878188692
ck_957fb25437c75e41,0.03373577503462725
ck_46225858a38b2e57,0.0017992260784707639
ck_f637fabf0f60528f,0.006836655597957605
ck_e6a6caf6e7de17c2,0.003599749073829352
ck_f7bc569b37e8bdda,0.01044672824079074
ck_e739eaaa7a1822f2,0.02408043631431562
ck_8409716d174635b6,0.013284442201903158
ck_04e40f556a5062ef,0.007669822524313089
ck_fa3b1e85d27af2ee,0.029013857042890417
ck_703b375dd86a6124,0.010323606052641212
ck_63ce4f44c92d7143,0.02621400345069223
ck_0d641d32658d6e0f,0.0018413896384499077
ck_6a2c4edd82e10969,0.0017587275289274384
ck_4c5ff58afe3d7a67,0.001526405013458248
ck_6b114f2a48152b96,0.003135072210968267
ck_e842fb0cf055a83b,0.05898964256168858
ck_53d17ab97de1ac3e,0.0038675723662743586
ck_8bb9e75393954a1f,0.0013550760747648093
ck_07cb2b6f2a4303e1,0.026841307435130825
ck_31631e2028d4f855,0.004594903956873813
ck_4bca22b5926b9c28,0.007148853322179198
ck_1631bab0ba1256db,0.026506682977083376
ck_41d91dc9f5063566,0.01986442046489647
ck_cd78f0832a09bd8f,0.6732413694579524
ck_d5194f2e92fd6427,0.009927387656736968
ck_e25f70d0b7229420,0.03283091410605626
ck_1496568ddc3b2d56,0.4488203839177739
ck_53a6a33060d5c8b8,0.0031178144960459014
ck_1dbf1f15193197db,0.026259722788335587
ck_5c85d93ecfed4b0e,0.0036300222155583634
ck_2b359a979520276e,0.0027560202850800608
ck_1c93cc58f314bf71,0.013499792837580637
ck_9341c7959543c542,0.0016904971293540579
ck_1da9d40837ebaa57,0.010167467106166906
ck_265accb3c5c32620,0.03275253140026835
ck_ec4e597f17f473c6,0.0023027394235668745
ck_612089ec90c37219,0.010343309931540066
ck_c6bf67470f526771,0.0039028102178537867
ck_6eda4c36aecad602,0.005072281070844423
ck_e62eb708d2688fae,0.011939459792831819
ck_e21a900556b382ad,0.01544245361644202
ck_fa3a766e49dc77ae,0.006212165337488983
ck_18a55b06ccccd88b,0.020058701874017863
ck_6ba091eb42ffa9fb,0.12612709583001364
ck_7b8cb0f90fbdc8c6,0.0054068962409785076
ck_228a583f23abff48,0.0069704231615488055
ck_a3ce05e9e5e32142,0.04038962040261865
ck_fb4797045077bc6d,0.0014158279523883393
ck_5fdafeaec036f016,0.018972974892196265
ck_e9e8cacd2fa35e79,0.021629702564778745
ck_ff182f033134dbb8,0.028379060195112805
ck_0cbd3b27063d4415,0.06249519552205268
ck_81709736281fa3eb,0.00251002225939225
ck_b0a0fb0ee9ebf106,0.004050043271728053
ck_2faf7ecccc9fec58,0.0010396706606359226
ck_d251e9fa09e542dd,0.9872888209230382
ck_32f590e87bc3d715,0.002355583754680611
ck_20de8abfd8960ee3,0.014156249488514946
ck_a60e6edc48e3d0ac,0.2964648128477685
ck_905e460591d9a278,0.06450368719198606
ck_2ca83dbd728af019,0.0048017977801926804
ck_7061786fe2f22f5a,0.014067337610069805
ck_821446adc95e6da5,0.003694443510030317
ck_b1182471d9ac6b26,0.0018763075927497484
ck_59d380a0973b3951,0.021005064883682506
ck_f7fbc95ebf584379,0.002376744302369498
ck_8e9faf94e3e6c757,0.0010049135007146014
ck_d9ba2a6c0d926b4d,0.0031269372040613743
ck_4d3aa36ff83f1132,0.4010334141250356
ck_db906debc36a5d1e,0.019393114120623313
ck_329a73dbd585ee09,0.0020538880915054692
ck_f6aea576cde8d592,0.0013427733083929165
ck_c40ffefe4e30b001,0.049123110692997005
ck_501dcf1ead036d2b,0.00392653330752866
ck_8247b79ac67aae7d,0.005566873177997131
ck_e48d14d5b70ef5aa,0.021059537299219357
ck_f3ab5dd853d38252,0.03296802997514496
ck_1a0aac7f7b94b1be,0.09119531090722342
ck_d4c8f0d957c3965d,0.018514995810488575
ck_9e3896c2668ce06b,0.020013727462599863
ck_227602ad072b838b,0.0019114913292853453
ck_9aa899a5230b0963,0.0174878230935758
ck_344b2e326a6c3dcc,0.0026204549236605195
ck_baf43bf1bd963f9f,0.008139159567117743
ck_e6c584b4b1ad6d9d,0.0066153803056197905
ck_ab9f0e08af030060,0.017773880244816857
ck_5ad798286384484e,0.011232302216156578
ck_ae7780327e210522,0.024350740321814224
ck_185f15b1523bbcf4,0.0023644643662526213
ck_bf378ea558a4125f,0.928133863887016
ck_1325000bc7f35b5e,0.0016146791424405545
ck_98e1992ac8e7d2de,0.07590425183931694
ck_71fd8c346fde5cca,0.0483349359674266
ck_47a884dec960ff2d,0.003228437819231619
ck_2dcbb71e39d64305,0.012391631047566649
ck_d546994fc5d3e9d1,0.012855544396348896
ck_c2c7d1e45a521857,0.018189173105159384
ck_d72035cb29db3aa4,0.015727889922681346
ck_a0498755cd8d7188,0.001086948334478539
ck_a9aa389688ee5aea,0.013673199076576267
ck_ff24776280ceeeed,0.004461418300334211
ck_124432fd5c92af7e,0.9408306354462485
ck_b27a9e39726b26d9,0.001762764286444458
ck_c4a72c09f2fdacc4,0.006306450514978367
ck_bf47375e41ca3bc0,0.0012113599475282195
ck_4c518637db2322d5,0.715093618215061
ck_9e7278fc7679f002,0.015357873107349672
ck_b9facd2210daca5c,0.04593221246097611
ck_1c607e24f2c4397a,0.05736640800346991
ck_b1e81b58b9a545ce,0.04843874160951502
ck_9d5049e195eda029,0.01244711394646424
ck_29076a13f539187a,0.21650462568784257
ck_00013fdfa0bd37dd,0.007630417646291593
ck_b6675a04df1a4276,0.0023415666260643304
ck_52427b3f8478db19,0.014393361840547956
ck_3b810f15ca0eaa55,0.002733140516122188
ck_0f6d916c92189516,0.019584991392839368
ck_b3dd1198ac5aea73,0.01445812362760602
ck_9776cd8263a9f415,0.002422725136365081
ck_7d51c86e0eec72ac,0.01301482117973301
ck_bc2e771a1d8d2dee,0.023386144921501147
ck_c10e54c9db29e6ef,0.9928677687587473
ck_7184ad7709ae4c80,0.04722605966378551
ck_e55f5ca37f30ce8c,0.006457703615237139
ck_fcfe06e44d09a344,0.00814477379205448
ck_ab3426435b0017d6,0.03118591894231746
ck_c383aeabd53e9c89,0.004176492402159758
ck_71bc01291e0533a0,0.004016990518109418
ck_8220da627e9992a5,0.0018306786421215327
ck_91d417507a8c58cb,0.090378093237661
ck_79d6793d1d0cf43c,0.0012636307680669503
ck_8d84d771a21942a7,0.0017169647068673774
ck_b046a42684468e63,0.007817416013069772
ck_1058129ed7b48c59,0.023197367008013177
ck_962e65ab33b5c311,0.9636617308802224
ck_3ded7a8720d7e311,0.005017732846794731
ck_9da82e567074da9d,0.01448515581858666
ck_7b1319a5ca2f63c6,0.9735132464163996
ck_2cfb9a7775e8a5bc,0.9610910181099166
ck_6846100e43659bf3,0.003665432531241605
ck_c72a7d0d03cf3e17,0.21936184968397288
ck_fb00aae4e17740c5,0.002535407155988749
ck_2770b0400a7bef08,0.051235825668498325
ck_b36086ae6d87eec1,0.0029065785245586465
ck_ea2a83ccb8d57490,0.001823917205226795
ck_4be03a2aa62b93c7,0.0021958467878979626
ck_2786cbc3e75ec034,0.22610486755384024
ck_ae1da8ee98e402a4,0.006779594129382305
ck_b5e54e22e3d6960a,0.008322142130064445
ck_3d139692c51b604a,0.0891053990285151
ck_718a8390b3d42d7d,0.05518166696889514
ck_62081bc35aa59931,0.0034722348436203305
ck_7c7266f6ef2a8466,0.009845591316276311
ck_885cf685a9541190,0.8767890369506511
ck_2857a4ce9f72fbfa,0.0017413186264168055
ck_0ffdff7b2f5fdfe4,0.011127837040398277
ck_01a750db6fc1168a,0.04072053745467308
ck_7eb4f33260f1dcd4,0.008729625620139627
ck_260ef2f3e6434819,0.02346001299844016
ck_544a9e80b7fdc279,0.0025934095647555926
ck_97d4bd922996fa10,0.003897586919162188
ck_795c49f312640019,0.0013433388041165692
ck_0f8cb09d3f4fc980,0.14866951351939725
ck_69eb0b2ccfbe5f95,0.016540415881274764
ck_44950df09ff14ded,0.001230090780476741
ck_70d19d5650ddc8f5,0.009517665888873242
ck_da39653add0f1109,0.0023033032466620116
ck_b7431d4706461ec6,0.01341687460653785
ck_2f6a639468f41043,0.004689770810308314
ck_5a29b7018e43280c,0.000735510076240243
ck_18bc51bbf3ef198e,0.02237553331374048
ck_5486768475af7bb5,0.8886053114958388
ck_edc9668282e3c8cb,0.016899453882434003
ck_b64c87d5e3b10e6a,0.739204939955924
ck_bb399ed6bf28c230,0.02064664705048554
ck_7ea52b6f27edcb73,0.011736914089169973
ck_0789a05e061b2784,0.2104093711580145
ck_29ea329fa40ace62,0.009174531572562098
ck_0034d010d28aea78,0.0218577835240095
ck_b52b99dad89ecdfb,0.02332387194228064
ck_e7b583acaa3171a2,0.02885485290461777
ck_d2d4282f9d256b3e,0.002838993920386022
ck_130d3848b9dcdb05,0.004766628939910476
ck_4fe4b072f03f2c1e,0.0026514199609469088
ck_16801e628e883d78,0.005562987290694833
ck_610c7bcc1cd7ecb0,0.010853680049510058
ck_34d6d74bb3ed11e5,0.0008072877717755693
ck_e87897767c612942,0.013319799070857247
ck_d902183f80cc81fa,0.021319469728070944
ck_df69858b8a8b3165,0.002740978016471589
ck_90489c405e6886d8,0.0017776384675682875
ck_84d07028b5fca2f6,0.023502971825644755
ck_d96c893721385e4e,0.0013488413322891191
ck_f65ab819373edb37,0.011477408829087184
ck_21cac21fc10b7768,0.008329124392667723
ck_a0255ab46e122d2f,0.0014286676859096078
ck_084322dc5a3a86f0,0.007182093017994582
ck_786448fe3004cbd0,0.004168012457163468
ck_e155cf506b2fb699,0.0026063373333284354
ck_5984be472d2bc267,0.05326728053094202
ck_dc3d8b5c17b67ae9,0.00255584047916009
ck_5ab68b434ad53fea,0.002495761915174202
ck_2bd73d9098504760,0.03797360499618667
ck_d21b38231a8a9f4a,0.03299911525861336
ck_1dfa91405d7e66bc,0.0015175749641872522
ck_ecdd01a391610d99,0.0034256517260245114
ck_f928dba0d587d7c1,0.002282794700949763
ck_d87e26eb5bc84b01,0.0012864049889214002
ck_d66d59981307db93,0.018335556341179123
ck_07f1734be7fac56a,0.013480884286738073
ck_a9b0c4dbd7db6a91,0.02664305013165502
ck_1587763dd54688c9,0.007842867918564618
ck_dd30558576b45e7b,0.006996268131190473
ck_4cedf26628c84f26,0.01196738693556837
ck_a2d709e7eb91e4af,0.05741620585846113
ck_3c48e0cfc2a58041,0.3318188645016128
ck_b8fd61a8e82bce32,0.9453087534247135
ck_7a1519ad5ff45312,0.0012435233754962177
ck_9dc23031b6b494af,0.036844303243161666
ck_9ae904fbef56065c,0.002146418969437957
ck_958acf84c6137a22,0.015751200939104613
ck_fe6e168cdbb46b9a,0.11908740821925494
ck_962c3bbf27cd4b80,0.02435038028060496
ck_df1a6edaa3e6b271,0.0052626840196391515
ck_df0a8f20ab8f14f4,0.02954281364057538
ck_b0a947b498e47018,0.005736769276103618
ck_b616b6f45225f319,0.1438181355279492
ck_ba3a6be026c87079,0.007669924422378391
ck_bc7710f7e9fae649,0.004939794658369499
ck_c5eefc0697451de9,0.01026973364686152
ck_e69195a3c885053d,0.0016462171533297596
ck_52e37e2170532e2a,0.08519924210761863
ck_826a27ff7555192e,0.008918858178964408
ck_08c6cc1e143475e3,0.0036889444428113167
ck_923d6a0f83accef1,0.01228096014234855
ck_09a988ebcf062297,0.052647111297803695
ck_17de46314b5c6a92,0.0074315088921200045
ck_6176baea8cbebbb6,0.01262322760971118
ck_e74716a525ee5b24,0.005135914907063897
ck_8fea7d915259f1be,0.0035883928152296153
ck_ddc11fc481eef58d,0.013704795302767301
ck_4feb21e2fb0b3977,0.005471949762470656
ck_03d3026107175dae,0.008439804019598283
ck_6ad56ef40086dbe4,0.002923063137937514
ck_e81fc223bed3c46a,0.053404377700069575
ck_862c7953bdea48b0,0.011245676850699021
ck_c0dde2a6ef1e08c5,0.0013752813027129375
ck_660f0006780e87e7,0.005157853858949724
ck_69887d0a9aaca6df,0.001914746778035417
ck_a95f212a02433d23,0.003914302904074974
ck_ce1e695884511479,0.028398986832055252
ck_ebc5a2c6cf88e252,0.03200693457770366
ck_2122e9bb1afffef7,0.003594518629330785
ck_38730aace405f2ae,0.9907380313171702
ck_5691cd6fdb6d8147,0.009197499767149162
ck_7dadef33f5e2d94f,0.9811722006479237
ck_278b36c5932d9bff,0.0009571670124983902
ck_6a892dd5d05c1649,0.007197439620459011
ck_4a733aeb833406f4,0.007434461690128591
ck_953bd5de48ccd70f,0.8515040027337657
ck_3db59982cbae4410,0.015862474641879853
ck_b8d210e741be186e,0.0026451329299456107
ck_7d6bff85e7a694bc,0.0021187377563763013
ck_be86a1db08dea456,0.0251996619663571
ck_f761b7650a0c1a85,0.008386580145498458
ck_de8494b13adeffb5,0.002192746488406894
ck_f854fba8f4adae3d,0.07324772264825574
ck_b98e9c3ec6e7d1e7,0.0039158693172037665
ck_ccb72a33cc1877b7,0.024181383383240013
ck_76997a33c3ea5107,0.0016927977368070763
ck_d00e09e66ed6458b,0.05155426487749555
ck_2bd96ddb8c323d63,0.9783992581708019
ck_f792586ad0381eac,0.025814138862877006
ck_1eeeee651e05d535,0.08205389437258652
ck_fdf0c5b722d83464,0.004918474880366561
ck_a823f5bcb0e4b9df,0.0016123005934031867
ck_28f530aec8e77130,0.01464928110628581
ck_80b04344c98ec072,0.009180579815841045
ck_97e56e6037024dff,0.0008694219915576252
ck_7c38ec898f0fc21d,0.001538861488397057
ck_205c3405045bd835,0.004322721940740383
ck_b456f62b80e21557,0.0009965958001482097
ck_1d6990d94a4d2ad6,0.009943491694293694
ck_a574a08edaf81781,0.002589335486192755
ck_c8f2a1dd8a6141a4,0.001790697391894434
ck_51440f64f7250ad7,0.07022099991168294
ck_fa7de64d37287615,0.04760538494313675
ck_d07bfb16a4a7dac0,0.8836025174472979
ck_0d362ddb4a1cb6d4,0.004456729040321199
ck_292f81186358b0fa,0.008615233842769708
ck_d6e7e257751c299b,0.004320436276416715
ck_1b5b75762f033462,0.007605899657595146
ck_152671fbf8a9a78e,0.13353819035282458
ck_c0cf50eef030b401,0.0012456570203560535
ck_c1466b52c0a10b93,0.011553983945005512
ck_d208494cf5c90047,0.021776415188669303
ck_7fa947a0b1c1cf74,0.026528822895124607
ck_6cdac067cc4db5c5,0.025882688524176405
ck_e3894ed88a7977e4,0.003549358224122327
ck_53f55c6e8cf2d432,0.0021020522899744686
ck_a2c3e82fab520483,0.02991653500069938
ck_519a26ecf3d29c90,0.0016722882074369293
ck_1a415416f620d49d,0.003087665296735797
ck_c24b47184534cc2c,0.9349017054110467
ck_b2b63ea65edf1dde,0.010474649505296087
ck_482dea6eed92cbbc,0.00894297545823291
ck_7297bff2b7fdcbc8,0.0008131324726994981
ck_9a21d183524734aa,0.0505724074081491
ck_95945f48453ca532,0.03514450147364834
ck_6fc37dea4b4f35c6,0.07082308997723528
ck_afaf374009d3b248,0.010699778495339131
ck_10de0b0d86b17839,0.002141736906269829
ck_142c00f9f8557504,0.016238821231478236
ck_c0133f60d39b2fb5,0.00807800145249952
ck_864a11202e19e812,0.22822634925996851
ck_3f943f20a9da9bff,0.014553735911516149
ck_7346e4f820d9c00a,0.9206534998723304
ck_9790138467a06223,0.0009452542332449692
ck_35b1939c48182a9a,0.05360249814815404
ck_11f362dca2dfaf5a,0.009998747384666317
ck_ae0a7be6b0a0ea68,0.00783130369691612
ck_0af5b7d128035b35,0.01127104689338226
ck_8d8226520722af78,0.13324953923082977
ck_de58ef6f9fe2b546,0.005760372873578008
ck_0274d881d6db82c8,0.005041706528664508
ck_c88fc1bac79fa6d3,0.05101081453663679
ck_826ee896c9f1144d,0.8204744816837864
ck_3b436cb29af99f3d,0.010401955523746523
ck_6f8102f62c876cc9,0.01326426993027871
ck_20fad010969f1abf,0.0012177757364085356
ck_23aab322810b9fec,0.01466549630466225
ck_4e329e29dfa743ea,0.14920660313552858
ck_2a7eba01ceba6c2c,0.1098424630424056
ck_9eb1da8cd35a50ce,0.005297601799485721
ck_da1a2450219dcf19,0.015534550906271575
ck_3716c6181a5035bc,0.0473984716819568
ck_51fe0b613c076cbe,0.0027834497687816277
ck_8584fea2df4c6317,0.021652813076867367
ck_ea623358f704daa7,0.1859194522968124
ck_ca491debd3b32a59,0.020239343520870673
ck_18c3a095606209e8,0.004888191149943517
ck_71db4131d7efe218,0.0036324153679195325
ck_a76e8d83b9141364,0.01092781096705412
ck_5d5ef9e75f65d076,0.08835428200318611
ck_683af7b1540a0b22,0.017696343126750412
ck_e8d37262e859d9a1,0.05608254107669444
ck_de5bb7a4d091386d,0.2433119530066106
ck_970c7dc195161272,0.0009986084248189905
ck_80a64a7f0275a71d,0.0033981407741773655
ck_04bd8a1ffaf3ffd8,0.002796506889469163
ck_77e0589ab339ca66,0.0014187716198347533
ck_7baf1e55db0dc558,0.009317473076579062
ck_f05f5e4b40afa52f,0.04706227907852437
ck_dddd14091ce812c2,0.004074921510521912
ck_12c46bc52bf45b36,0.007903584168682812
ck_740d8fe8028b5a2e,0.002558134116734525
ck_cf78169633a1600f,0.0019653076795893595
ck_1a3fd2cc4b4de196,0.04791379049807054
ck_f4fe78e249092ab1,0.02314332691947551
ck_966901ea9c77cc02,0.0056342914287490845
ck_f9fc468915afe49c,0.019546527780454216
ck_af3f74b1d75a5d95,0.024940156523828177
ck_af70aa32c009c3c9,0.005499526472906361
ck_da645ea91d66aa6f,0.156205799111806
ck_e15e3390f5ed45f3,0.011665163900393046
ck_5f87eb05d18186c0,0.008821594693722378
ck_a61a879dd46fc9f2,0.01655106856904024
ck_024dcab126876002,0.008609683176842471
ck_819b482bca14c068,0.8490907978248188
ck_15220e78d1545e40,0.027826379936465542
ck_2ca0020038bfec58,0.6215935398995018
ck_fb00dd5021642507,0.0186859425827219
ck_2737a72de6b700f3,0.10803786953699707
ck_263334d722ecbc97,0.8705088207958719
ck_ba1f6dd43fc8a0b1,0.008079867465098211
ck_5a22cb36d612236e,0.004028024037002868
ck_d86ccf148c06c8c8,0.022370370995878755
ck_60b023af6d1e30bf,0.6142941835110355
ck_1c8b94efe9238f5b,0.0009852240189122908
ck_0284dc2b4f856b3a,0.12506167617255234
ck_72e550559487b919,0.004195660655983785
ck_7e73e1d44ce82ed9,0.009663156186671965
ck_f8dc8473c2772729,0.049223418491542326
ck_4596624a7c01d501,0.010433510024880441
ck_04e89fbd739243fa,0.001687234573869451
ck_6149ffaf18872dc8,0.0020385660938570566
ck_e0171f91cb3411fe,0.0184245389304584
ck_1ecd5516c92caa4f,0.002261847501255528
ck_21e3b3bd998745e5,0.03430542141485692
ck_05ed92a7c3e10e5d,0.010044613355758217
ck_d6fb9cc5171e3e9b,0.7834031145356002
ck_f0cf85b67a9b840f,0.006958842332421487
ck_c58bafff7b1955cc,0.010834215669263538
ck_06280e6d6d2485b0,0.005567681808120712
ck_99d3983f907828bf,0.0014287450620665866
ck_05ea4440dac6cfad,0.03322271039287418
ck_5eec9ed855c26000,0.0036356960508518903
ck_5ab39bdc9610f6f3,0.5405467634496547
ck_c35d444e05799db6,0.011503204273450533
ck_87cce4126e215153,0.007072159049341667
ck_713649668a7ca824,0.009883275963650502
ck_0b0c93039f987abc,0.003713170757472369
ck_6d07d6d1bd227d37,0.048166616747821314
ck_e00e82a9419ff086,0.024203511712624068
ck_eaf3b6d11bc3cb11,0.0014818944896585026
ck_2bb7c17168a9d17d,0.005336878167322194
ck_416f7ac57da081a3,0.006129784665444778
ck_b60de9e97aad9e45,0.8818495340427653
ck_7973edc9f22ee7b6,0.012504714467495424
ck_8452b6cf97c65a5e,0.0158479145154382
ck_6fb39b60c67d5475,0.0020178825763811953
ck_785fa45e86bc5e95,0.006362923780421967
ck_3eba1fd2c7acc4c0,0.4622743685661175
ck_c10c8bcf5bcd516e,0.11711993125353201
ck_2825e34dd3e7ea2a,0.0030104900349997746
ck_67f3794d93e2dd67,0.556530926365958
ck_9cbd9ecf8374f65f,0.004706235110986113
ck_32246c62640648d9,0.0013483187533496748
ck_f301f6758e170d66,0.02683451042768121
ck_885a83975cea5e64,0.0027798136566047097
ck_0d2901bfe585c391,0.0857083288600726
ck_52453401f88935da,0.006508492796068704
ck_f9d481aa4f9b2808,0.5801350778484098
ck_18c179b4afc4fccc,0.008578380492386796
ck_a477654d34783e06,0.002959246437319107
ck_7310cda3bc65a73f,0.004426690450199447
ck_c20e89afe575549b,0.0019655172033251856
ck_668ec61c4c39cae3,0.0015890844939382342
ck_fc2cb29918631f10,0.06248953253927718
ck_15ce50f2704227be,0.010359417661530897
ck_0c533ff2d0f9962a,0.015078624446706738
ck_5881b174e49b04ee,0.0024172033400543178
ck_371bd9388b287677,0.0014904539572058232
ck_91a16336ce3217dc,0.026082630499196978
ck_a760d38d1bc4de97,0.0016457020266312178
ck_a9dded7f6294e44f,0.028878813569687765
ck_c8a03c516ed5b05c,0.06427382000642987
ck_25bfca1d8eaa152d,0.02078889807789293
ck_191673540d8486af,0.016635227323981507
ck_82eed68d05a42128,0.012401401400272655
ck_24b0803447211bf3,0.017970451283054065
ck_023908db0a193076,0.08962644055233068
ck_aca35dbcb835ad02,0.005192540721163355
ck_248b3659a9239240,0.025059685737479097
ck_a51abde881ebeff3,0.016160724160414315
ck_db9b9d5d30f74070,0.03010628181545022
ck_8b3401b44aaae728,0.003743716632617037
ck_0841a5c24fd3dd28,0.02510637210395543
ck_541b6ad5d2fa5a39,0.009440225845984624
ck_16c7bf94ed3e7a6f,0.001377479829123178
ck_c82897ebffb6ae66,0.004463870619068615
ck_b4a6bb4689cd7cfa,0.016641745795535432
ck_7c4f42c5397113b0,0.0024324941305118317
ck_73f124f075ede0fc,0.005513935225908969
ck_7584e7bd755cb28a,0.009693158626739855
ck_9f792e7e721ff7f1,0.0015789195007086887
ck_c735b643d3cbf67b,0.011452763240681764
ck_58bb02d98e2b9cd5,0.011153129381727281
ck_0d65bc749eb42710,0.012779794280269827
ck_6c33cb15b0d8af54,0.002254740298108366
ck_c7f6f45710bc050f,0.002846633926106164
ck_aefa0d8d933e0eca,0.02233933339154414
ck_c1ee56d65a42f59f,0.006448367308339272
ck_66147fb994495396,0.15641380764119983
ck_06e73afdec26aecc,0.20210520524487702
ck_9fb8e3d38cdf276d,0.8825203318737167
ck_ff3998d6858daa21,0.001740604952833408
ck_7f188aaa63d1d442,0.007812357449450313
ck_c7d444d90fa86d7c,0.5060149976590023
ck_d68d42858a55adff,0.019347678033335633
ck_fa7d5be26bf7b31c,0.05115475602116719
ck_352657008983fd4b,0.009126027479528698
ck_7476e7fe1ff45545,0.009815009719793379
ck_41406cfa209b6bda,0.004637566843076639
ck_475ebccca25e30d1,0.007358518726129739
ck_49ccc3716a564256,0.005896535954948046
ck_04470bc93b8a0d71,0.0053778322101502496
ck_084cd84501012218,0.26227377255045375
ck_684609767df4a14b,0.02532129678693547
ck_3e4d02a04be2aaf8,0.010292141861368013
ck_f01af1b0c977cc06,0.005356439303163309
ck_027614eeba8b1a4b,0.004964984652464087
ck_0f743bd13373748e,0.0258065479280783
ck_399b0d510be98bd2,0.0066071040407173695
ck_ca4465f2b5c1a52e,0.982009468694951
ck_2a59f23fc5194699,0.04090598647979787
ck_243c18dbf150831c,0.002886355496719819
ck_88d9244a9cf7a77e,0.8389688604636718
ck_1ba28fb7ef726ce2,0.013292397243426093
ck_786f079389126e44,0.010495083585454654
ck_4f01f7eac0efaba5,0.0084607056406138
ck_47d29c01b20cf69f,0.008934400234858773
ck_07a5610ed28162fb,0.007067034045374746
ck_57b8226610b48854,0.005107979487371583
ck_c6fff412f531db0f,0.0012675364518262764
ck_bac6dadf428eaea9,0.018747121281852845
ck_e37196b20968b73c,0.06930309166511253
ck_12631b78f8a03df2,0.000474667173529323
ck_2c6b174b063ec637,0.008918641444137811
ck_af559f990c640e41,0.03201516279168645
ck_e7a3881c3e36bd51,0.5584782723270612
ck_5839f5cbd8165b1e,0.006999884564091708
ck_67858bc00e81490d,0.0011360657196503481
ck_4737e0d56c6fa0a1,0.024173365975788924
ck_93e0d6befb67f7a1,0.01619158215914403
ck_2e315f1b1e533dab,0.0015142233704176983
ck_af32a0660090dd68,0.04064190361373219
ck_ede2e887697ffac0,0.0014385105783531328
ck_f48acb73a5d6af07,0.08538524133635185
ck_756d2c13d02b3e09,0.0075039585841634735
ck_96fb9bf556842bbc,0.015208033567224978
ck_916784595f028226,0.05804428776775565
ck_20c99b645f462449,0.006067659572611538
ck_9863bff41d24ce9b,0.006500026268973849
ck_5009a6c8bbaf15ba,0.04522596893257491
ck_a821980ac4db9943,0.2576857007194297
ck_e6de67c0d82a7b83,0.009663839920385005
ck_752dd3d2487f78ea,0.006015019599924234
ck_9652283c9f61fcec,0.0037831524623588384
ck_ff8059ae5fa5f1ee,0.0006502946131084633
ck_fc4a43f8876bf10f,0.7268649918925831
ck_a9aa5c344c315532,0.02542971870165156
ck_8e2b2251ee224aa4,0.006011645332367705
ck_3a47e3f54475e854,0.0011891625038831428
ck_51bd5f69b4fe0b92,0.7967971764132891
ck_d52432ed597f3cc9,0.003133728157148968
ck_04fb61e5739642f8,0.3257288435165278
ck_fc3d95030b81f416,0.0018664542850041603
ck_1906f0dfaf6e9bad,0.810144723794739
ck_66cfc1ebc9a513c8,0.003085580144999392
ck_1411a80a157ff39c,0.014258424335262858
ck_9b436162039a77d0,0.06244261194708006
ck_b9485218cef413f0,0.0022981437780037776
ck_b62f5144db15ad34,0.02953906457641372
ck_5dcd443fe0bbdeac,0.0026485688411679426
ck_b7dd681eb3d2ee38,0.0020711574648731327
ck_bd21164bd2bbb635,0.010834198546466674
ck_e6222925762273b8,0.04658528094882823
ck_bfecad7586f65e4d,0.0059647022129925825
ck_aa9953c0ca2bed7b,0.0014669516145390594
ck_bea56db7f3e930e8,0.0019553967791372143
ck_e40a156511345d6a,0.001818994889432887
ck_03f6664a96de7d0f,0.013389468158272742
ck_1a319e509f1efa1a,0.0011218745352715004
ck_7a52674e2806d8f5,0.018338629367318567
ck_ec4dd3675a8d28cc,0.004861809918319304
ck_dce1fb3acd65562f,0.0032594162198816157
ck_abb9d65ff1f95b64,0.033621713220719746
ck_aaa9861c91bd14dd,0.0037781239713968553
ck_2cbc2f93a32eede8,0.02032351802337703
ck_f2d3e3d90608596d,0.4701954978080758
ck_127273af97d7827d,0.003092642473077767
ck_a6def1e4b2d57e0d,0.05724062965950992
ck_96247fee0eb44420,0.00199681744241494
ck_5517b9a865960542,0.012511464033820946
ck_37176850ed68831e,0.013876336308292467
ck_ae416325fef92c9d,0.9563672428957379
ck_f285e5e1912a7c62,0.001139843444895197
ck_368b65fca69fc415,0.07992171301033962
ck_9a36916b60178ded,0.6321914565706238
ck_4a0eae220a762ac5,0.016693609035141964
ck_e9b0bca7368555ef,0.007169944026520235
ck_da1c853b0a061e83,0.019342073011804035
ck_58412a2674fea506,0.01470148972836514
ck_9ab42875a0f95b43,0.09060539452966464
ck_affa5aa0bff9bb0c,0.01664071332981268
ck_d27a73596b6500c2,0.010065348312054275
ck_2d963f9b2c4d11e1,0.020720355056908404
ck_dc16f939c2f44ad8,0.0988372000907075
ck_97c38e7f61c27e47,0.026310195033729236
ck_861d8e3d88f1079e,0.08341372571275246
ck_819988d8a7f26415,0.0029809174331617743
ck_5e021f2a3b66e256,0.019463000024399116
ck_0428728df24cdab4,0.005076780960273426
ck_780738e0d71e7e43,0.0017851547979688132
ck_5fed957287ebca03,0.0009679654738586693
ck_bc19c383560c7477,0.019508924404786562
ck_b1befe967f7a5ebf,0.04765274056438333
ck_73a54b56a2bf35fe,0.8459374449738091
ck_60bf8a2870956fb1,0.011731728507529928
ck_6a0ccd7357979f0f,0.049556463706237494
ck_6b255bf68709109a,0.00443990585070216
ck_2cb3c99845e572da,0.0030742229782562223
ck_c9e1e3229baae708,0.017964878949970745
ck_1a4bb7d3d2ee3227,0.15523422503410417
ck_c7e07ebfb0bc15f6,0.011350464875533185
ck_4bb90a61c21a303b,0.004395329171427102
ck_3ade9eac7d7b0dbf,0.14544365707051085
ck_8171ef803f5ff604,0.017710769039779025
ck_4859a58629622915,0.007509222554797492
ck_20124c3a16c53ce4,0.02535494813795349
ck_dd3feb77d7d4f6d3,0.0058898112914247455
ck_ed0c4a83701ca230,0.019074494043816358
ck_982ebb24174a4ade,0.01704065039396752
ck_deb3ac0606d6f6db,0.029383875290850896
ck_e666629e5a41b39b,0.005419541077883398
ck_1a9d6190c57ea7e2,0.5061260254338814
ck_527550dd15f38782,0.010460743805828284
ck_480347ad92037105,0.009762930455807884
ck_00b9818e2064405e,0.0559125518249179
ck_b53281da70defcfa,0.012056989056999357
ck_3f090fc96c24eb28,0.002175864287089487
ck_3d9afd862b3f4053,0.1551458986665258
ck_9bf3ce30b65f75c7,0.043232659594386325
ck_2d5a6b6636a2596b,0.005082430611495034
ck_9a4967cdf49265cd,0.17830413010024904
ck_69691226c68fd50b,0.07751098672183504
ck_1b1efbd9c0964c8d,0.020322603836520504
ck_78bc3f1d0f35ea6c,0.005230724971517738
ck_d288b77d1e227970,0.020040930999649917
ck_017208fcc01b5d40,0.002701125493833686
ck_8b3b874249adece9,0.014768430430644904
ck_49ab879b5aa7fccd,0.0992246775060397
ck_b3ce8f1bcedfa043,0.008361139491554008
ck_7e3923d278a5106e,0.010882968651903406
ck_e05e91cc180063d4,0.1554884354390792
ck_ba666a425930615a,0.0011830300194012643
ck_a8382d8345f21e1e,0.0049173550158616245
ck_3dee83fa2d109484,0.0010507328652855487
ck_2d177b2f4f0b40c9,0.15951222676442955
ck_40140bef4db73741,0.011775911267503245
ck_22c862a496008c96,0.986491225467534
ck_aa42976a31cb7770,0.003287767979923267
ck_782b0be796164335,0.006956080726598135
ck_5f864d72d1eead99,0.05783595238778251
ck_0ada6fed1864e7c4,0.013084601069775437
ck_7878545739af0a73,0.001024918932038607
ck_ab973888c20c9120,0.0364807087384824
ck_1ae460f331e49ae2,0.06601212137450638
ck_509c22828d467ba3,0.015933854469506695
ck_24dae044dc05f849,0.024014383437565595
ck_2b8f33e22f939372,0.8564055556036605
ck_6a01c375fc26705a,0.0012881313086219872
ck_ae96d35465b3b4bd,0.010421943317885818
ck_512ebe97c0af94dd,0.06897107352218527
ck_5af9934a56801ac0,0.007412646583098146
ck_fc7445ec76389a58,0.7390679702201485
ck_b8266dcd90cbfa62,0.0012299377049623985
ck_884b2e463ff1d54f,0.00833127110072977
ck_95aff1fe27fb24bb,0.03680242996117754
ck_7bc752ae7cf5d55f,0.00444605072425947
ck_57b3fee69bdf85e8,0.001871760837892093
ck_ef0d702d7b0ed745,0.0018129197416089835
ck_212380e0371d8a6d,0.01052320891170661
ck_2b90b76cf4d162f9,0.008533246275536237
ck_87771861e0447210,0.0747213930482466
ck_21fe7bc59dcd78fb,0.01970282148524006
ck_fc0cc4b25e6a8194,0.004331491813762737
ck_e7a530e09d113dd7,0.30418032002570616
ck_3f94a34f5038f7c1,0.7356710349845291
ck_124565a11b2f8bb8,0.005001695309849235
ck_38ba4a6b6a292054,0.0634724400148319
ck_6a4981bc721df37a,0.023754412059635934
ck_4672167d7c989bbf,0.009607893282022694
ck_817926b449754917,0.006694441075469917
ck_54c2604c9ca6256b,0.030294264782137616
ck_0302f67d75973dce,0.009302237839288132
ck_9a6a1f8102febfca,0.022662025740921698
ck_7f1c20319eb60aa6,0.9840326284475107
ck_a86cd653472eccbc,0.004302557494040332
ck_02028b72f26fe855,0.007965501959457694
ck_4108b4038f762817,0.8245994296774206
ck_63356762d24aab81,0.02334383254379261
ck_5e3bc76eddbdb0a6,0.0017358107658119824
ck_7f3685aa2933b251,0.05234561279432455
ck_3b92a46daf8d00d2,0.006530222176879362
ck_f1d8a2695a575e56,0.0030912846621360328
ck_0324a4812ec319c6,0.004548765341125616
ck_5c36c78b7a4d138c,0.02145490857906582
ck_9b6282e3bad50710,0.024609184798312516
ck_7373d7b04c7799bd,0.012238308569838423
ck_0b0e79d33e50cba5,0.0017214053689892188
ck_f3c16d8f747db046,0.017270374619247884
ck_839ce35819bfa4fc,0.0019020300155426963
ck_275386782b1606f8,0.00389467986086326
ck_4e9fba1ec54c3ff8,0.00339057953649226
ck_4b041217690fca2f,0.012556208185798466
ck_a59e90219939a1f0,0.0009589658932607101
ck_a9c2cdc758df8510,0.037478897767058525
ck_720cd658d11ea428,0.03360236028159308
ck_fdeaa1cd085691f0,0.10472852558675046
ck_2bb1389e5e72c8f4,0.027507762523811867
ck_5de33a7a87e9aa62,0.03713178741989817
ck_f7a07283345a0dce,0.001527299753324665
ck_c375e929becde422,0.007714501919962556
ck_c84ef83489badbfd,0.011452949192927954
ck_cc3318839c4b0745,0.005471829786512344
ck_279a1d3a3836e5cc,0.019014895400053168
ck_7977135c2ff61e92,0.008287060728751572
ck_6a1ff9d69466181c,0.9946402584238292
ck_e1ff9e31becc27ae,0.026129326252661213
ck_a13fee8cd925d0dc,0.009495735644052017
ck_b170a7db522a0d6f,0.016510716976726236
ck_8d38747058d0aeea,0.8993436509712751
ck_18116d0ac08f1996,0.8904594510413739
ck_2210f7a0d13bdbef,0.028935862951257676
ck_1af547077ba2dd03,0.15232647092104606
ck_516163fcf04d5e77,0.01639761853474419
ck_8b39d8aacfdd72b4,0.001974494756302942
ck_d39b0152116203be,0.03125913243503049
ck_ed33f8a937f9c7c8,0.010814748181367595
ck_ea1e5b5128ecba2c,0.004288553115894789
ck_8247f008a14bd1a2,0.0018447165569719676
ck_3d6046a533057795,0.005142996290729221
ck_0bf2e13b9f2601ac,0.0302612988549614
ck_f4de03f44e3a5bd5,0.003230870642167381
ck_3ba3fa5387bacee8,0.0008002840251657354
ck_8f604fa70fc3c8e3,0.012969750092516073
ck_64f3bb17101b7c42,0.008608921477347934
ck_a4e6fc391b674335,0.7895314338829797
ck_79b6a86830156b5a,0.012310063584020208
ck_d74123617f22a21e,0.003732050247819192
ck_9dbe184e81c1ca8d,0.039778189834858396
ck_de2924955926d046,0.012507022422761421
ck_e556c4d36aadbe03,0.0021107429733460948
ck_e37cee7b123692af,0.015204955138623372
ck_c50fed2a7c9198c0,0.008497150763008722
ck_5647030283171ed5,0.4903749632622316
ck_d4972a775aadbbc8,0.006079853732496448
ck_ce5ed372b1a2ed6b,0.10429047633983557
ck_3eb6146c262e0fc3,0.000785806890493329
ck_53816231f3ffb48d,0.002749880483803302
ck_afb23858a4ef42ed,0.9769290156664883
ck_3882423b449f6291,0.9405508210616176
ck_79b235d51718435d,0.035968157139250834
ck_298278a9da874437,0.0037803973090219283
ck_32f632706608859e,0.004315348506541939
ck_3638bc3388dbc1bc,0.05303286087062418
ck_ac7cdb9b8da7b5dd,0.019024519901911337
ck_7d025dea5951cba7,0.007999404041432814
ck_f06d00a4f9c87d80,0.0015981325152357772
ck_d9c2622cb6df380b,0.0058077605435506155
ck_d4ec44760cbe03f4,0.012643164664155089
ck_c1d05ef0ec6e4be7,0.0035031454378357616
ck_5abe57dfff4b735c,0.0019020502478319166
ck_53cddfba570b4a3b,0.006406504410014938
ck_7c500e219af39486,0.0021825738520136863
ck_3bece63711407e25,0.026580949555965273
ck_8ff1e6028e764472,0.9187979046935849
ck_8c346eeefa9ce692,0.0058740531780880414
ck_d840db8cfe2ef6f1,0.0040381945216358016
ck_cc6d33890d47a6cf,0.05837816950970201
ck_2ab28149b0986642,0.5448688182041169
ck_4ad5937bef176d89,0.0014121672558902823
ck_645f15bbbcff3b4f,0.9817490518653122
ck_aba32acb61c1aaca,0.028252128072096996
ck_26de14b96bdad4f6,0.020808871635011546
ck_ab80466ef615e85c,0.0017346622127052246
ck_ba93cb604f792915,0.016744493131626535
ck_3830c58d841e9e69,0.4234864063680708
ck_1d5d74169cf892ef,0.02520963103506476
ck_eb2323215ff70362,0.017633521814020392
ck_6775e387dace7525,0.021793654339166826
ck_0ea30eff5f361cba,0.0029213954984140984
ck_cc5a35175d381d5a,0.005247827098577109
ck_e14681aad43e1a72,0.03288875335192109
ck_3222ea25aa29bfa6,0.0009557695870002545
ck_f6c42001b84a10cb,0.10583687944286169
ck_3753cc5b9d02e2fd,0.002516462445616847
ck_eaf6f7082c3db2bf,0.023517474862776132
ck_a9ffd6b3957bd41e,0.0019451663151761895
ck_558a82590f65df69,0.0013769182100701227
ck_7ec423cb56257516,0.009987608492827676
ck_b3867f7f494db64c,0.0013087451290255529
ck_3c9a06eb07c300e4,0.0018214219520772592
ck_d960af7a55b892b1,0.00881205603117636
ck_3d83e0a3c1cfbf8b,0.004378347947342882
ck_34ed59bc2c9b0186,0.006380097255250823
ck_4136b00924695ab4,0.001225804679392137
ck_c802cf8f61466027,0.0010921539099227398
ck_de436e7b319be1fa,0.9919184789983051
ck_91081be0254878a5,0.0058166517709720015
ck_ec2eee6a133e9a6f,0.014311946905381397
ck_81429c4910ca46cd,0.0009599055423327087
ck_80ad4396e1084c68,0.02113946301621904
ck_11667f5b9fac7bc7,0.0014340698726436098
ck_7367917891a63771,0.011730336684068157
ck_f908b527c4db422d,0.04876686117865113
ck_2329cc9702cdf7a0,0.025404153924195108
ck_6573c4947cc8607e,0.05945906867593277
ck_ebcb93a2990fc914,0.11611863835340473
ck_7a1782cefe26a456,0.04044014660604793
ck_ee3e7c9d3a9c74b4,0.017893825884259675
ck_720776a46e56dfa8,0.01756843702145304
ck_bc8f31f4a2ffa1ae,0.0012976423672335128
ck_0cd8802264e0a1ef,0.02051283142082481
ck_c0d2c56f9c722e99,0.9710796318753068
ck_8c949bdc6e8720fa,0.032882828744563664
ck_0ada63008be5685a,0.018192085092171656
ck_a3f821bdf408c326,0.007725791922445611
ck_de13de941bebc7cf,0.001565952196261551
ck_fc8cd8a8209e802d,0.007234837688952734
ck_181f3dae03b87136,0.027920594841616637
ck_ecaa6f13304e3dc5,0.0018490618876444193
ck_e06f6fed020ae014,0.005910089770459008
ck_2c041b1efb1c5063,0.00562400751847535
ck_8abd1a50a9227463,0.009296657576381885
ck_8ef1d05cc1e53e7e,0.05767930681174342
ck_4637e54a9f79e2e7,0.0022214891775311904
ck_e8bc49e6494c1f37,0.0017396770918292849
ck_11f9390a11ce9ff5,0.021407307925165455
ck_15b4840922195ffd,0.0040965036610261735
ck_6bcfa37c717f19f1,0.03069808984815121
ck_efb24be983342f75,0.008774643185218338
ck_5b137d74bba6b1b4,0.0016357738892949741
ck_295c0072eca7f7a2,0.0032448887773769194
ck_4af7b97c24d89a45,0.06749990814305679
ck_fa0ecbcf9a33d6ce,0.0036359890741982574
ck_da84a0dfe947fd3c,0.002699721772773561
ck_3e3c64b3b7876ce6,0.013391978256868654
ck_da2729307af06ed5,0.03504470699918885
ck_74d0e7c2c6b63d36,0.7418565080384267
ck_c478aae3031bb328,0.0036624648143171452
ck_cf301f2194975866,0.01601914594379118
ck_086d29ccae565e5d,0.0023293276237927405
ck_34a33ffe8339f66d,0.9349450027850826
ck_e57c79eaab35ded7,0.0037505534227330046
ck_4940e78cbdcfecf3,0.009223588047801776
ck_578f67e69e5d2cfd,0.005689551956671474
ck_c767fc454fa215d0,0.005849558321977982
ck_5d644224135d7c65,0.008174006769348695
ck_e78ab4ff52b5fd2d,0.007948237847570948
ck_51efdd240e34c642,0.028701958406282684
ck_c39c6a1453e2b92c,0.0009876231414763456
ck_b080ff636932d1f1,0.001282768273654502
ck_5c8390017fabfaef,0.15194211726102122
ck_61176dafb33b2d8a,0.37705743202600706
ck_fc6fed6ea96a004a,0.008138337030908993
ck_3e2516a3e35067e0,0.00336181572670716
ck_17a95bba77217d85,0.036290718246438605
ck_1ffbce3a239bb264,0.0028075712101020374
ck_7f960541e5174565,0.002299373766401864
ck_9b1c3742dd6fcb8b,0.011712139561058899
ck_d5458ba39ae94498,0.004950303391738324
ck_0a921a73a90c2e39,0.015678448990878138
ck_293581d879f6663b,0.8286627245601317
ck_03e904682dc73bba,0.0038046874672285355
ck_4f490e379e9ded9a,0.0016366259152166083
ck_9b9ce7bebc235fe8,0.0034142907401903235
ck_a4a42d4bff8af645,0.0034718242195636425
ck_b046067c6ca3831e,0.0029668538106152817
ck_bc7ece8787ca7200,0.002740102096320466
ck_2c5bc11bb7ae5d2c,0.7410091376864962
ck_b74b9ba6d7c9aab7,0.2002748540347446
ck_91d48d69e4f5d9c2,0.03991909510685378
ck_1a71f8081ae00190,0.9148203509615997
ck_38ba64efa7c38250,0.024651060024581943
ck_1a6ddfeef82b1b1a,0.003976876695379783
ck_c4402ea6291df271,0.05820382204511654
ck_478d2667aa9896d9,0.003773546324097772
ck_c9490cb61aff5112,0.045280698849676664
ck_88f27ab479063852,0.023261431204141897
ck_b7793edca26fc512,0.019936128407232502
ck_f88028c3f306bc70,0.006766052356302876
ck_e8a6acea22b20312,0.22065419645608048
ck_c8b7f241810b45e5,0.0013094474904498212
ck_2408db62e4395ccd,0.009663149797084544
ck_bcdbf57d98dc0d27,0.03779570470113862
ck_b3225a98acd04f83,0.002685436166397155
ck_35694db37f0cde7a,0.0013639428815398857
ck_87d55ca333f22072,0.001367871626367062
ck_ccc917533d4b73d4,0.01210235411916223
ck_0c5ba86f4e05b38d,0.011473684956345835
ck_8740a14d8096c6e1,0.011783684738263609
ck_17ab24fe914ae44b,0.0025379748493800573
ck_3b963d6be2773861,0.005198319557365828
ck_c183dff3781746cb,0.04333379811021544
ck_7336611650dcc088,0.003397026547718941
ck_c817259019588d30,0.013879346744097298
ck_d39864119cdd460f,0.003143931301211248
ck_463ae759e2b6ad1d,0.02477577459967643
ck_e560f720a988d8a2,0.7085583868811174
ck_72dd0dbdf808cb00,0.013251571961265357
ck_32bb42f9bff197f8,0.00307724775580952
ck_70bef9ddd4bab005,0.004377784995720543
ck_4b15b0746318cf42,0.06762201265405178
ck_39a68c55a1bd3ace,0.1440077904349089
ck_4c76efcc1ee6762d,0.010465300293938258
ck_79f5198f0decef20,0.0032243098172596686
ck_f655399ac75c4450,0.020592888713751884
ck_24b53090faf722cf,0.006519096555028318
ck_11cb98211b2ed134,0.8670466642986481
ck_3534be0f4efd313c,0.007961648330857303
ck_28d2003c2d16e4b6,0.001597830853253407
ck_d3796aebda1cfed5,0.7948274134149744
ck_a3a0bd59729fe619,0.005645534140207876
ck_8ddaf745bbb9cd62,0.0010326167253111487
ck_fa24db9d416ab904,0.010157793634627698
ck_493b6256091014cd,0.8030312324900724
ck_57a6b56b09bff24e,0.010265157046157271
ck_a2245822cfea997d,0.0023239653330002726
ck_92f6ebc11ebca89b,0.01940970494598186
ck_fbf630c960194033,0.0023923315571826643
ck_1c17c65804f8889e,0.00576418360111483
ck_00ff7389d6a83e29,0.017198029341694825
ck_bdd8eba728800e29,0.016069723282545918
ck_0525349f3945375b,0.016883542410679808
ck_d1b0699d26282871,0.012545243124759575
ck_a678731156ad7bd2,0.08568680929961167
ck_011551a596544f5d,0.0012208517148733589
ck_0bfe62e0c7eab9c9,0.014289331723743155
ck_e5ee006ecd8ff661,0.0197068522958645
ck_e2374c7136c964fd,0.011464864670906766
ck_af528d66c86f0cb8,0.6502504033586156
ck_5448c946cc4758fe,0.013506024536266717
ck_37d3e5c681a2214d,0.11543685862239512
ck_fca478361870a4ca,0.0041729489995765865
ck_fb44d15fb93a7157,0.013001387908262434
ck_0e8f26536ccc8947,0.013319055950377929
ck_6768c4b2aa8ce586,0.00792423099477631
ck_6a548da1728b5823,0.9808847096313297
ck_0e7bf10ef49aa818,0.04405838796047991
ck_f2c824d3473db24c,0.00753813318949793
ck_d9ffca35188e49d8,0.020340151444385186
ck_3db73bbe03c3d240,0.0015463191429193912
ck_899f88464305824a,0.009539602091953836
ck_148c28df51bba5e9,0.9372759554861063
ck_7955a359b6448799,0.0026792811664001024
ck_8c748aaa4a4554f9,0.0034421589734184195
ck_fba15647b3a140d9,0.006047713538435197
ck_c2fc0ac460786d02,0.035850643182839
ck_e42206e91f6a1752,0.0018292625201681836
ck_8c136dc691e65695,0.0008060733691421071
ck_8c0955dad13c3ca1,0.002084278131974732
ck_6d4cd2de601a2308,0.04870187632207807
ck_76ea90ebc74bcdc7,0.009386110362922525
ck_734f06bd4aa92781,0.013310589371431593
ck_41af3729590c2484,0.009952310777105683
ck_e63256667aa19070,0.009594293407141765
ck_1b2ce474fa6582b4,0.03230309037451691
ck_c8131ddc7ed33448,0.005471062516427533
ck_33ecff7914349ebc,0.020827055158980437
ck_36287d063350ce9d,0.0032752879861679077
ck_956dd784525f5886,0.017361059443700082
ck_ba7b78d31d74c794,0.015584238682577984
ck_5bea0e0ee0b094cd,0.019335462954215454
ck_d6a4faadab58a3de,0.007068025916770464
ck_bdb966f43ac350ee,0.012499644103948802
ck_3fa559c679751b3a,0.011261189623068988
ck_7ef019ed77276496,0.0022169358250798236
ck_0e6046fc30f81705,0.007942757672401653
ck_53aca610e20598bc,0.006773715619310226
ck_5275be4e1577c1c7,0.0025245765656527353
ck_43948784650bb9ac,0.012037243882180425
ck_5c87eea1cc07cc92,0.028506313578503827
ck_5f445182829ef342,0.018276464169520584
ck_cc81dbc83a8879fd,0.005889473125908751
ck_68ef3e7301c621b7,0.007403027205488557
ck_e988c108754cee9c,0.007032365178229975
ck_3327a0582407068b,0.008631438652389982
ck_e1d563fab4d6116a,0.004273321358400353
ck_588f6e6a6a6d93e8,0.01109757888976014
ck_723b4afc388113c8,0.003403445720183783
ck_240f7f894c5a86e7,0.0013526250527669543
ck_ab553954435e8854,0.6556525671191931
ck_78cd402a2a4f2e35,0.001763011148483433
ck_09054e97bdf9624e,0.00170607843433412
ck_303b33910d67f306,0.0011197875299559059
ck_74e9747954a46eaa,0.004162078155572737
ck_b56c62c950eda009,0.002192325577584334
ck_58f757e40a9b8877,0.006753014685919644
ck_45a16ce12893cf9b,0.014467727458038595
ck_3272c2c4a37d5220,0.8604140620629561
ck_9cb89cc3178e0172,0.017259957555818516
ck_c5d62b2b7a6f3bac,0.9617465942530277
ck_0dd417fcbf19e424,0.02478186644299479
ck_5379452a9d74efae,0.0031590733810118064
ck_344a95cb7115ec67,0.0025492108198132495
ck_6f9fd15ac6b163de,0.002553422361625953
ck_173e1198c341087b,0.003231838537257787
ck_9994323f97109f4b,0.9863489236755245
ck_05f375fc8ae0afb0,0.011672814897706588
ck_d328db1e1052d820,0.006256432116986748
ck_70396398e4a96449,0.0022739436408287356
ck_61b067de8ffc1ca1,0.02396386252516764
ck_87809324c2675b0a,0.017258579425396613
ck_27cdf9c5e6f0915b,0.005760902129603792
ck_5b8fc4a76f340797,0.02301188944226921
ck_a44462a3853ac67e,0.9537880537124717
ck_466a7316eaf149b1,0.01087298619528386
ck_d35c51e981b98c5c,0.009310368754517098
ck_99c0004d8b7079f8,0.0027740849741435345
ck_8a8f81bf3558fd9c,0.0032223086897062983
ck_b4dcebc543deaafb,0.043118764776201066
ck_7158ad9e58769ffa,0.035423030334692865
ck_3c02d4dbbf6716b6,0.0042008414195439095
ck_41ef7967faf5ce82,0.000948635100307192
ck_a7c1dabf3869772f,0.037956098495554966
ck_77d9f86dcf251739,0.011786549421793753
ck_02903c48b6cfd65d,0.003053010034512633
ck_b45e47c39d4dc7bf,0.005003393058920587
ck_e55e5bdfc0242aef,0.030711235439714966
ck_ae20e28f9854f3ee,0.02412178640012639
ck_9e65a8a2f587691a,0.009310241415758203
ck_dceabbe04d99afc2,0.00217736203662654
ck_837be8126bb19250,0.0010462396757038239
ck_c05737ab74cf03c6,0.24188829058016026
ck_2cdf5fd97ba75e06,0.4802783307410753
ck_97b8e05d62abdc14,0.015837717636343465
ck_7df9910af2bba21b,0.0043349359994342305
ck_850e2b59bc535490,0.012137946407343682
ck_978c21bb5fe3171e,0.016517548418583494
ck_d654449f9231ad76,0.002184291655422449
ck_e136e20c1c74fe38,0.011965530799348048
ck_2fe6cac002142f67,0.035067718028220216
ck_8432ccec1a4ec7fd,0.9868184759124442
ck_95e4bef65c36af1a,0.0008880345682390261
ck_a725d7aed2a0bdc2,0.0017784483187285802
ck_9b9d9e579e7b55b2,0.06382407689519459
ck_ea4332c8fe48e2a3,0.004129282159312348
ck_9937dad93a0ed3c1,0.0021185904384057666
ck_3dc4d464386f0eb2,0.27875467237490154
ck_e0e90b196bef3c11,0.0014114137436024134
ck_2139062d4569aa07,0.012268166113270114
ck_8de38f8c7f91961f,0.03768918999376473
ck_bdbb4230c91e1604,0.020664619145950955
ck_f7305b3c64cf8a03,0.09937980139141593
ck_454a7e4d859a3409,0.0010438389343521675
ck_00d6730134a1eb51,0.003997392584070763
ck_dd89a282375bbab6,0.08326782793399218
ck_be2251640f27a3c9,0.04149233670227413
